date,eq-large,eq-mid,eq-bank,gov,corp,cash,gold,reit,intl
2023-01-02,-0.016000954,-0.005581542,-0.011097394,0.001855942,-0.001783713,7.4122e-05,0.011952072,0.005218192,0.003518352
2023-01-03,-0.001290596,-0.000179841,-0.003079018,0.003506724,-3.6778e-05,0.000323358,-0.00633344,-0.002574299,-0.000736227
2023-01-04,-0.022066359,-0.004998839,-0.004786094,-0.0025371,-0.004342002,4.104e-06,0.006333763,-0.009266016,-0.002694774
2023-01-05,-0.010785385,-0.003673608,-0.00673566,0.004437226,-0.004432306,0.000295089,-0.01499041,-0.005012159,-0.014515346
2023-01-06,-0.004092847,0.011713749,0.02210481,0.001577122,6.1427e-05,0.000286845,0.001482734,0.020570584,0.003553489
2023-01-09,0.007567459,-0.016993164,-0.001733048,0.006921572,0.002316662,0.000118373,0.016223384,0.002894876,-0.004667235
2023-01-10,-0.011936888,0.018496879,-0.016107413,0.001093895,-0.001048401,-7.1032e-05,-0.006388444,0.000674892,0.000719417
2023-01-11,-0.003077048,0.007942366,0.001708358,-0.001940991,-0.004723201,0.000113166,0.009477604,0.002540078,0.023014262
2023-01-12,-0.003816433,-0.004054893,0.00413399,0.005401655,0.001416864,0.000145855,-0.006270346,0.010631078,0.041546924
2023-01-13,0.001910749,0.000427111,0.005490755,-0.000828577,0.00548703,0.000220374,0.001358843,-0.015729644,0.000124968
2023-01-16,0.014275697,0.020392519,0.016594657,-0.001084101,0.000740601,0.000259793,-0.001867216,0.009923783,0.012977285
2023-01-17,0.006110099,0.022288561,0.020402221,0.000699924,0.00301667,-4.6405e-05,-0.01524409,0.003194782,0.013156868
2023-01-18,-0.016602805,-0.018396839,-0.014823179,0.003086355,0.00319605,0.0001091,0.01041128,-0.018825629,-0.021099081
2023-01-19,0.018798904,0.012380135,0.031832607,-0.004247205,-0.001010094,0.000347231,0.014447095,0.006836759,0.008476613
2023-01-20,0.002506213,-0.001942143,-0.009124206,0.006313675,0.008903716,0.000165016,-0.015051434,-0.006876686,-0.009940097
2023-01-23,-0.011329566,-0.011133956,-0.013930558,-0.004667839,-0.005802167,0.000185518,0.000753222,-0.010543941,-0.000567106
2023-01-24,0.002034455,-0.016359492,-0.01014126,-0.004490307,0.001026055,0.00034268,-0.016097947,0.014950349,-0.007600798
2023-01-25,-0.008325674,-0.026079665,-0.01010915,0.005349849,0.006556243,6.84e-05,-0.003023085,-0.012096575,-0.006310835
2023-01-26,0.00801914,0.013877541,0.01812066,-0.000290811,2.876e-05,0.000239182,0.004543772,0.013438858,0.0131574
2023-01-27,0.007869427,-0.007917078,-0.012421104,0.000308115,0.002946933,6.5968e-05,-0.005864413,0.01822628,-0.013647308
2023-01-30,0.000175789,-0.003050479,-0.00873498,-0.007063751,-0.002710866,0.000245389,-0.018665008,0.002424644,0.001517433
2023-01-31,0.002033147,-0.010552984,-0.006947844,0.004066038,0.003920695,-0.000137818,0.015073258,0.015983991,0.011704344
2023-02-01,-0.004446761,0.014133163,0.012397606,0.004616334,0.004562997,0.000162095,0.011515601,-0.00554336,0.007374186
2023-02-02,-0.027582538,-0.040066097,-0.033598404,0.003417148,-0.002932899,5.8539e-05,-0.010477165,-0.023308715,-0.016032152
2023-02-03,-0.005221763,-0.01032144,-0.006010626,0.007848712,-0.001503634,0.000371999,0.000588502,0.002292631,-0.015019149
2023-02-06,0.012603785,0.011567876,-0.006985586,0.000895215,0.00450286,0.000371793,0.003228155,-0.011665881,-0.006629997
2023-02-07,-0.017182483,-0.013931055,-0.008739573,0.00429603,0.004383822,0.000308356,0.004818375,-0.00252552,0.000367663
2023-02-08,0.016106433,0.02889923,0.025347622,0.008568093,0.005047174,0.000228715,-0.005217409,0.022679514,0.019336629
2023-02-09,-0.000638965,-0.004263377,-0.003951391,0.006184514,0.01315945,0.000254468,-0.010877614,0.031364423,0.012346045
2023-02-10,-0.006225033,-0.008151636,-0.023484942,-0.000270502,0.003836351,0.000167133,-0.005074143,-0.002628192,-0.005563015
2023-02-13,0.016988278,-0.001725087,0.011676583,0.001342134,0.002784751,0.000224538,0.001747153,0.001223687,-0.018883042
2023-02-14,0.01007751,0.01374729,0.005590053,0.003530115,0.013374799,0.000446994,0.000260226,0.029319506,0.014501963
2023-02-15,0.007412563,0.010950042,-0.016002246,-0.002743673,-0.000451176,0.000219721,0.000433028,-0.00946069,-0.00602268
2023-02-16,0.002752661,-0.001586206,-0.00896439,0.003464813,0.008224287,0.000167531,0.018096563,-0.008584267,-0.010859199
2023-02-17,-0.013822184,-0.012157717,-0.025201387,0.005011057,-0.002038609,2.731e-05,-0.019867259,0.005119872,-0.007681019
2023-02-20,0.01996563,0.011118651,0.02406055,0.004754186,-0.004392878,-3.9746e-05,0.002837787,-0.001308698,0.015012775
2023-02-21,0.001500236,0.01055067,0.008127858,-0.004247469,0.000293464,0.00037205,-0.010073886,0.012851051,0.004471999
2023-02-22,0.00804028,0.005890427,-0.007513453,-0.001814161,0.002408398,0.000314859,-0.002761547,0.00089111,-0.008491841
2023-02-23,-0.012979199,-0.015305957,-0.013640387,-0.00107852,-0.001928435,0.000230996,0.000531342,-0.019737723,-7.6697e-05
2023-02-24,-0.000474575,0.007866172,-0.000214423,0.0030773,0.004469783,0.000234678,0.0156942,-0.001083117,-0.00341116
2023-02-27,-0.005128228,-0.010722674,-0.019795526,-0.001437498,-0.00377965,0.000290028,0.012101809,-0.013269257,-0.001922057
2023-02-28,0.020461753,0.038830949,0.023862287,-0.001635708,-0.007810242,2.746e-06,-0.009599001,0.028266254,0.002042838
2023-03-01,0.02767334,0.020248821,0.032370513,-0.002614918,-0.005362404,8.793e-06,-0.004832892,0.013469517,0.012711201
2023-03-02,-0.010208602,-0.026318508,-0.011738989,0.001533648,-0.006703154,0.000229846,0.026154,-0.021913537,-0.025935849
2023-03-03,0.01473126,0.030210284,-0.001575084,-0.003302697,-0.005770019,0.00019136,0.008184882,-0.002959754,-0.001767138
2023-03-06,-0.00555635,-0.004159439,-0.001077183,-0.001126253,0.0073205,2.6071e-05,0.008399611,0.003459541,-0.018284308
2023-03-07,0.012279327,0.025750888,0.015258458,-0.001390768,0.001938451,4.09e-05,-0.001984776,0.015203153,0.009227507
2023-03-08,-0.011872701,0.009200159,-0.014187273,-0.001766467,-0.000707684,0.000188084,-0.001551795,-0.008854122,0.000855941
2023-03-09,-0.010981696,0.006060667,-0.014231834,-0.000907025,-1.6309e-05,4.5138e-05,-0.008221387,-0.003749693,0.001698814
2023-03-10,0.01161913,-0.004663631,0.010433381,-0.002144609,-0.003782636,8.7483e-05,0.008576914,0.016759879,0.010292145
2023-03-13,0.006362397,-0.008739254,-0.002045098,-0.000719514,-0.006156853,0.00028596,0.002551515,0.003077758,-0.014407478
2023-03-14,0.006274262,0.009819241,-0.00100252,0.005046744,0.008047651,8.3495e-05,0.00822473,0.002145272,-0.017142138
2023-03-15,0.000393835,-0.002573761,-0.00686408,0.001585691,0.003909654,-1.6353e-05,-0.018992392,-0.004092212,0.014702531
2023-03-16,0.012938143,0.008054088,0.008164947,-0.00503954,-0.006783561,0.000187374,0.002627521,-0.0008782,0.002264428
2023-03-17,-0.002208417,-0.022600384,-0.016193585,0.004937941,0.006807774,9.3528e-05,0.002573841,-0.006579784,-0.008887245
2023-03-20,0.000475174,-0.004408181,-0.000994239,-0.00126122,-0.006843841,0.000254426,0.020389881,-0.013589839,-0.003495694
2023-03-21,0.001191524,0.019629287,0.007829399,-0.002175427,-0.006085779,0.000186492,0.003078873,-0.016401863,-0.012239696
2023-03-22,-0.010215547,0.001844965,-0.011739884,-0.002057237,-0.003208714,0.000104983,-0.014237635,-0.019044128,-0.003077239
2023-03-23,-0.000117431,-0.003086507,0.013238475,-0.001357999,-0.002253332,0.000274147,-0.002399348,-0.001126621,-0.003141328
2023-03-24,0.010023885,0.035318264,0.012902578,-0.002631356,-0.003541835,7.8033e-05,-0.000315485,0.013653165,0.004123823
2023-03-27,0.001727476,0.008679472,-0.000413592,0.00399139,0.000515623,0.000192508,0.002173023,0.005908443,0.018540409
2023-03-28,-0.006650761,-0.001358868,-0.016896462,0.010625307,0.00428581,5.3432e-05,-0.008598182,0.007791991,0.007848877
2023-03-29,0.002356705,0.030267505,0.009671836,-0.005960048,-0.002742979,7.5669e-05,0.005552309,0.002518435,-0.005212666
2023-03-30,0.017665284,0.025120048,0.017773313,-0.000938091,-0.005163336,0.000135119,-0.012209463,0.002477936,-0.003132653
2023-03-31,-0.007195661,0.022485652,0.014762333,0.004230241,0.002090485,0.000144151,0.005429477,0.004888413,0.006256259
2023-04-03,0.024453752,0.020549275,0.021284251,-0.001993931,0.001332321,0.000493397,0.005469186,0.028413179,0.023726898
2023-04-04,-0.016170329,-0.008162164,-0.017032921,0.002569529,0.00744671,0.0003522,0.004705846,0.01049667,-0.014536944
2023-04-05,0.008299459,0.003192665,-0.000337987,0.00231181,0.001278636,0.000166177,0.017443674,-0.01513366,0.008201474
2023-04-06,-0.01483931,-0.001051305,-0.019069364,-0.001277565,-0.007662228,-7.064e-06,0.001580853,0.004586409,-0.024509815
2023-04-07,-0.00445308,-0.02333566,-0.023788255,0.009576636,0.008320977,0.000104593,-0.004084112,-0.000303492,-0.01082197
2023-04-10,-0.013487951,-0.002954978,-0.037700721,0.008228309,-0.000542934,0.000105631,-0.007557281,-0.003431012,-0.007105434
2023-04-11,-0.028626298,-0.047492523,-0.027898264,-0.000451003,-0.017658024,0.0002483,-0.017081933,-0.033307724,-0.01781997
2023-04-12,-0.01084808,-0.034439891,-0.013807248,0.009919481,0.00176699,-5.606e-05,0.003439753,0.00268607,-0.011003227
2023-04-13,0.00776143,0.022095317,0.011212499,-0.002548683,0.00334218,5.6183e-05,-0.006438638,-0.00409737,0.002987083
2023-04-14,0.0087851,0.000634271,-0.011134918,0.002660924,0.00630519,0.000156187,-0.004164036,0.024980787,-0.016946099
2023-04-17,0.02527176,0.023646193,0.011032018,-0.00630283,0.005010432,0.000262207,0.002818702,0.008493114,0.012530069
2023-04-18,-0.002431159,-0.018556739,-0.01403602,-0.006771902,-0.002053759,0.000111103,0.027242505,-0.011971315,-0.015022043
2023-04-19,0.026547559,0.034222098,0.038548564,-0.009301127,-0.005514776,-0.000160639,-0.021911329,0.006084432,0.014773961
2023-04-20,0.018378769,0.019390215,-0.008828431,-0.001780557,0.004841375,8.4518e-05,0.002998903,0.022210897,0.007459644
2023-04-21,0.004010807,0.005175024,0.008521959,-0.005506674,-0.000364322,-3.4871e-05,0.018659465,0.007160627,0.023934908
2023-04-24,0.005417057,0.003333595,0.000684542,0.001285953,0.002558563,0.000249721,0.001340241,0.000286048,-0.002897348
2023-04-25,-0.017914756,0.004182538,0.005539726,0.004761303,0.01134169,0.000285122,0.004498598,0.000273514,0.015645789
2023-04-26,0.005397239,-0.003903828,0.012301981,-0.002207567,0.001408869,0.00031485,-0.005262994,-0.002378635,0.00176371
2023-04-27,0.023028445,0.010035675,0.016329948,-0.003931355,-0.000262096,-2.154e-06,-0.001412594,-0.006726977,-0.004491957
2023-04-28,0.004090787,-0.006253189,-0.00865986,-0.001547554,0.006920776,0.000216695,-0.008553339,-0.016704758,0.006926414
2023-05-01,-0.008990251,-0.005975831,-0.002633261,-0.002002406,-0.008708438,0.000209646,-0.006557266,-0.000589868,0.015412764
2023-05-02,0.003032991,0.008212475,-0.001995065,0.001513803,0.004419006,0.000212622,-0.021913374,-0.000658586,0.00187817
2023-05-03,-0.004708603,-0.009368111,-0.006333545,0.005878841,0.001677699,4.6873e-05,-0.007700483,0.009740837,0.005749497
2023-05-04,-0.035076025,-0.044200299,-0.046174461,-0.000229197,-0.001459044,0.000102137,0.01048851,-0.026587848,-0.020100203
2023-05-05,0.005342196,0.004252276,-0.008400665,0.001519788,-0.001618967,0.000172017,-0.00351524,-0.002775259,0.006538239
2023-05-08,0.001865722,-0.024886986,-0.012547742,-0.003845144,-0.001904121,-4.3453e-05,-0.012300739,-0.010852076,-0.009398665
2023-05-09,-0.006233411,-0.014841022,0.00044758,-0.002790611,-0.000555064,0.000231981,-0.010060855,-0.011854618,0.008962111
2023-05-10,0.0009289,-0.00784513,0.011776888,-0.000791435,-0.00736516,-4.5286e-05,-0.003151469,0.020894141,-0.001639785
2023-05-11,-0.001241986,0.00343835,0.015947308,-0.007780305,-0.000518124,0.000123431,-0.003839559,-0.008372099,0.013603029
2023-05-12,0.000843899,0.017466442,0.007277904,0.007703198,0.008633283,0.000125145,0.01351465,0.018893745,0.016461322
2023-05-15,0.017839788,0.019595102,0.013144609,-2.8167e-05,0.00954549,-5.4601e-05,-0.014962758,0.008874169,0.001938153
2023-05-16,0.006349154,0.000897978,0.017438427,-0.004886588,-0.008486281,2.6739e-05,0.011240732,-0.010019474,-0.004320794
2023-05-17,-0.002015249,-0.00425744,-0.013856841,-0.0004924,-0.00479662,0.000188317,-0.011561724,0.003070139,-0.009654987
2023-05-18,-0.01118115,-0.023994277,-0.00493263,0.005279307,-0.002361779,0.0001252,-0.004244201,-0.011326266,-0.00559455
2023-05-19,0.007316036,-0.002087602,0.006640033,-0.00198312,-0.000219451,0.000122359,0.000253356,-0.000198018,0.006020686
2023-05-22,-0.014995051,-0.026443923,-0.023526429,-0.003445792,-0.007145538,5.4725e-05,-0.005291828,-0.008220209,0.005444253
2023-05-23,0.000410417,-0.004298427,-0.000518883,-0.00130118,0.009931477,8.7578e-05,-0.012205717,-0.00407351,-0.008659367
2023-05-24,0.007682362,-0.00124315,0.007047141,0.007054768,0.012296345,0.000270481,-0.010451943,0.024369594,0.016762469
2023-05-25,-0.006215856,-0.00323022,-0.003452512,0.000186643,-0.002056341,-2.701e-05,-0.000487363,-0.007489872,0.001113632
2023-05-26,0.004037109,0.018475221,0.01342692,0.000165424,-0.002919373,-0.000108922,0.003540054,0.009144106,0.011710299
2023-05-29,0.029246542,0.011072019,0.032648623,-0.004459039,-0.004708934,0.000203124,-0.002140605,0.011631589,0.018626989
2023-05-30,-0.0002321,-0.008940426,-0.002476098,-0.000371655,0.003107748,0.000196672,-0.01197072,-0.001921893,-0.022270024
2023-05-31,-0.008702076,0.014847216,0.005211048,0.004958269,0.000376089,0.000234328,-0.006718845,0.002639476,0.006359536
2023-06-01,-4.7892e-05,0.000547669,0.013450292,0.002865801,-0.001116984,0.000159178,0.000733852,0.002989453,0.005748297
2023-06-02,-0.000837026,0.001597887,0.020058772,0.005535435,0.00827389,0.000192882,-0.002371446,-0.001672252,-0.018854664
2023-06-05,0.011390507,0.015625126,0.017552159,-0.001230644,-0.00171439,0.000158675,-0.019451967,-0.0054026,0.006706306
2023-06-06,-0.019238479,-0.01289892,-0.011103116,-0.001394707,-0.00939898,9.8401e-05,0.00332743,-0.018216502,-0.009068039
2023-06-07,0.0083002,-0.018491251,0.015775679,0.000556428,0.000943702,0.000181089,-0.004309317,0.014624513,0.000963464
2023-06-08,-0.003320182,-0.017331645,-0.003882384,-0.005576005,-0.005400505,4.4368e-05,0.004946253,-0.011073101,0.002537778
2023-06-09,-0.008062846,-0.009828395,-0.003528578,-0.001708324,-0.006731387,4.4848e-05,-0.010936312,0.008599172,-0.003939453
2023-06-12,0.006769683,-0.000848724,0.001395605,-0.001155797,0.002527682,0.000110899,0.00093728,-0.002640041,0.00374037
2023-06-13,-0.013968008,-0.015874707,-0.018919849,0.007098753,0.000428371,9.0064e-05,0.005007266,0.001822496,-0.009360152
2023-06-14,0.016452541,-0.001512136,-0.007645842,0.003174252,0.006562674,6.1299e-05,-0.012136343,-0.009893769,0.003116818
2023-06-15,0.025183583,0.030535868,0.054247562,-0.003673964,-0.011615554,0.000356918,-0.002541204,0.013975963,0.009632381
2023-06-16,-0.00381678,-0.007856185,0.014666311,-0.004208819,-0.001169884,-0.000181632,0.003657467,-0.022605915,-0.015882519
2023-06-19,0.005506441,0.00967841,0.002234588,0.000536139,-0.001547808,0.000207822,0.029328232,-0.012533674,0.02013652
2023-06-20,-0.017037597,0.002777731,-0.006603316,-0.000826274,0.011843612,0.000262907,0.019092045,-0.00919872,0.008285195
2023-06-21,0.002008027,-0.018428592,-0.013602884,-0.001790402,-0.00332722,9.4334e-05,-0.008532742,0.007158524,0.006154216
2023-06-22,0.004656244,0.005523118,-0.001272179,0.001483092,-0.00118929,0.000233306,0.005318521,0.007857261,-0.02087451
2023-06-23,0.000701469,-0.020538695,0.006220092,0.005273359,0.004482689,5.8289e-05,0.026385038,-0.004183772,-0.005399693
2023-06-26,0.013021634,0.040934462,0.004907392,-0.002968017,-0.002638652,0.00020415,-0.001668338,0.006331121,0.008220103
2023-06-27,-0.009595395,-0.006399616,-0.000901757,0.004539301,0.007251757,0.000298408,-0.000862905,-0.008072271,-0.015028559
2023-06-28,0.009250013,0.021697541,0.021584521,-0.005774379,-0.003394846,0.000290918,-0.021345374,-0.004979833,0.027619282
2023-06-29,-0.015955982,0.020364083,0.011945376,0.003209075,-0.00335444,4.4688e-05,0.008025565,-0.010558539,0.006894661
2023-06-30,-0.00470634,0.004159006,-0.004096641,-0.008821836,-0.009804887,-7.553e-05,-0.0042631,-0.015007508,0.004420431
2023-07-03,-0.057680125,-0.07497011,-0.06602944,-0.00309494,-0.012432168,0.00015979,0.019098139,-0.039397737,-0.040595468
2023-07-04,-0.028811508,-0.050592124,-0.055266743,0.003567029,-0.006003363,0.000199049,0.011039471,-0.037826466,-0.027510837
2023-07-05,-0.010546096,-0.020062965,-0.019126239,0.00583668,-0.005946814,0.000174254,0.000947567,-0.010977195,-0.011989672
2023-07-06,0.001307605,0.003233387,-0.020429803,0.002793998,0.007043836,9.7194e-05,-0.001232319,0.006352065,0.01485736
2023-07-07,0.003076324,0.013999631,0.010587837,-0.004228011,0.002500936,0.000142221,-0.023989416,-0.018486585,0.002174426
2023-07-10,-0.025215466,-0.021915124,-0.019142616,-0.001329619,0.000860528,0.000194708,-0.009280708,-0.025055415,-0.007088534
2023-07-11,-0.004128825,0.000104808,-0.011375272,0.002482325,0.004604345,-0.000102668,-0.00611978,-0.001821082,-0.014019435
2023-07-12,0.002979818,0.023398928,0.017616848,-0.003884539,-0.00831089,0.000142847,0.015082232,0.017877078,0.018495391
2023-07-13,-0.011486731,-0.008757495,0.00303572,0.005197819,0.008690771,0.000137721,-0.015565831,0.0135614,-0.0016203
2023-07-14,-0.018409507,0.000242805,0.001689506,0.001891962,0.002913545,0.000233951,0.008819994,0.006710161,-0.020845801
2023-07-17,-0.004453196,0.002637535,-0.008193824,0.001940058,0.001505221,0.000394377,0.003626126,-0.004369177,-0.003765957
2023-07-18,-0.028234649,-0.01379966,0.005447103,0.002428372,0.002797442,0.000101331,0.004300963,-0.018579931,0.000684726
2023-07-19,-0.008133308,0.002620362,-0.008217433,-0.004693493,0.003599355,7.4618e-05,0.006886996,0.00495963,0.002177503
2023-07-20,0.006829238,0.015139496,0.006273887,-0.000180815,0.011769431,8.5008e-05,-0.011117295,0.002845411,0.005926149
2023-07-21,0.010754177,0.005187668,0.019684148,0.003590329,-0.000986166,0.000223182,0.002374123,0.013770269,0.015630367
2023-07-24,0.02372019,0.027752398,0.017338811,-0.001233194,0.001168986,0.00024035,-0.017251556,0.019917101,0.008572367
2023-07-25,-0.000895413,-0.023871216,-0.028073951,0.001226283,-0.004007258,9.3247e-05,0.012352673,-0.012195809,-0.000257699
2023-07-26,-0.016082112,-0.02809644,0.0092508,0.000545985,-0.007360006,0.000120742,0.002515234,0.000874126,-0.007825946
2023-07-27,-0.000198898,-0.005608762,-0.004052781,-0.000713975,0.002747342,0.000189803,0.019376661,-0.005359159,-0.018638619
2023-07-28,-0.017304016,-0.011695423,-0.014275015,-0.005184509,-0.005780484,0.000452626,0.016443805,-0.00078064,0.009938081
2023-07-31,0.024162451,-0.000516476,-0.004522195,0.002452374,0.002838375,0.00028113,-0.003793315,0.011355151,0.010189609
2023-08-01,0.002441128,-0.004561601,-0.015243481,0.001722094,0.001122007,0.000173016,-0.015269692,-0.014873722,0.009533154
2023-08-02,0.013357314,0.024584949,0.028733588,0.004956462,-0.0022419,-7.2738e-05,0.00390438,0.022888162,0.017264961
2023-08-03,0.005810203,-0.024241042,-0.022612847,0.002034711,-0.002322561,0.000229894,0.017367487,-0.000496743,-0.016170569
2023-08-04,-0.011305224,-0.002939066,-0.017113218,0.001009044,-0.003690093,0.000149411,-0.019855884,-0.005437744,0.009276717
2023-08-07,0.004497399,-0.008530625,0.005610441,0.003528555,0.005609626,0.000181044,-0.006895034,-0.007269559,0.002893581
2023-08-08,0.000245906,-0.009915913,-0.003998176,-0.000654327,-0.004406168,1.2033e-05,-0.004080344,-0.002707305,-0.01159196
2023-08-09,-0.007135448,-0.003763798,-0.003270572,0.002338932,0.006668931,7.8807e-05,-0.003162207,-0.00022764,0.026676523
2023-08-10,0.010850983,-0.011982557,0.010673526,0.009876988,0.00763701,0.000109904,-0.007118419,0.002729843,-0.009751844
2023-08-11,0.020979991,0.034804648,0.019316163,-0.001005598,0.002379876,0.000246804,-0.003869294,0.01537489,0.00671176
2023-08-14,-0.03482994,-0.037530518,-0.026511973,0.00564371,-0.005844469,4.5027e-05,-0.017054948,-0.008041369,-0.028092849
2023-08-15,0.007562533,-0.005194961,0.007527066,-0.003012176,-0.001415593,0.000152751,0.00751213,-0.011468952,0.004150523
2023-08-16,-0.005116544,-0.022900543,0.010068743,-0.002111574,-0.006881284,6.4618e-05,-0.021911765,-0.013331054,-0.011527911
2023-08-17,-0.006066404,-0.001024769,-0.016249581,0.002507265,-0.001438634,8.625e-05,0.004022603,0.009016278,-0.006103139
2023-08-18,0.00658,0.00496218,0.020657342,8.224e-05,-0.000862332,0.000217157,-0.006949039,0.022840962,0.012287496
2023-08-21,-0.018261478,-0.013396471,-0.0163231,0.000769838,-0.000660719,0.000193603,0.0013386,-0.007123221,0.000887174
2023-08-22,0.00518048,0.003298737,0.011509587,0.001518871,-0.008805503,0.000159102,0.02393225,0.005459203,0.007721731
2023-08-23,0.017026999,0.013757702,0.000455244,0.003836677,-0.001669708,0.000174134,0.009073627,0.001859311,0.010303724
2023-08-24,-0.012500972,0.000628557,0.00317191,-0.001162844,-0.005225715,9.6135e-05,-0.001811561,-0.019033015,-0.003622087
2023-08-25,-0.00475413,-0.008930009,-0.010303652,-0.003382457,-0.004989915,8.0547e-05,-0.005835187,-0.002929777,0.00132186
2023-08-28,-0.002019128,0.00167381,0.009235973,0.002081583,0.006483897,-1.4846e-05,0.001018839,-0.010667611,-0.000630619
2023-08-29,0.008793905,-0.007251351,-0.008387813,-0.004341209,-0.003756908,0.000126831,-0.005954859,-0.010254155,-0.004523874
2023-08-30,-0.016932161,-0.016990601,-0.011677379,0.002321075,0.000458826,0.00034104,0.009375112,-0.001970538,-0.015480468
2023-08-31,-0.006067093,0.000727059,-0.005217074,0.002251722,0.006350539,0.000236104,-0.022226953,0.024256577,-0.005400457
2023-09-01,-0.027072315,-0.026134734,-0.027598497,0.002871392,-0.00251849,0.000172284,-0.000147964,-0.014966502,-0.00652235
2023-09-04,0.002642005,0.008958025,0.017902759,-0.000492076,-0.001909439,0.000189443,0.013773716,-0.004406531,0.012685989
2023-09-05,-0.000556488,0.008637453,-0.00489892,-0.005612995,0.00214479,0.000229041,-0.000133028,-0.006001316,0.013922022
2023-09-06,-0.002381121,-0.023426238,-0.000949883,0.00268305,-0.000924626,0.000107878,-0.007022686,0.004607013,-0.018549951
2023-09-07,0.00436349,0.015803136,0.003013197,0.001951634,0.002570496,-1.5645e-05,-0.009002258,0.017331984,0.030260427
2023-09-08,0.013476811,0.011875944,0.008851901,-0.005148351,0.001955749,0.00012359,-0.013530215,-0.00810855,0.008685778
2023-09-11,0.007001613,-0.001566987,-0.003847578,-0.000437305,0.000147632,0.000204134,0.007187176,-0.01234734,0.00591754
2023-09-12,-0.002923499,0.001084446,0.00060762,2.0493e-05,0.000599415,0.000146796,0.003560728,-0.007493547,2.0666e-05
2023-09-13,0.002406415,0.003828601,-0.013798711,0.000189409,-0.002063931,0.000184373,0.014547966,-0.019311607,-0.004828932
2023-09-14,0.002766089,-0.017847105,-0.019723754,0.003746403,-0.003112546,5.2662e-05,0.001018276,-0.003132674,0.007455961
2023-09-15,-0.002293988,-0.007364729,-0.011473453,0.000294218,0.00081341,-0.000337112,-0.0063253,0.008679048,0.010571815
2023-09-18,0.004361276,0.029130486,0.02858173,-0.007795008,-0.009504182,2.5432e-05,-0.003037177,0.003780043,0.008507135
2023-09-19,0.006566649,0.002575629,-0.001288877,0.008638149,0.00311681,1.0342e-05,-0.001385221,0.013121026,-0.003441755
2023-09-20,-0.004087113,-0.010298736,-0.012876573,-0.005823589,-0.004720202,3.2006e-05,-0.022111965,-0.028590008,0.005654883
2023-09-21,-0.015179314,-0.015276884,-0.009213563,-0.000701305,-0.002093145,0.0002252,-0.004382805,-0.020219489,-0.005710196
2023-09-22,0.008708778,0.005032268,-0.012101131,-0.000814437,-0.000293913,0.000136308,-0.017398688,0.014996159,-0.009496493
2023-09-25,0.023848181,0.000763704,0.033187655,0.003405191,0.012459362,0.000276252,-0.007828984,0.019372339,0.013204252
2023-09-26,-0.002380849,0.020457999,0.000435454,0.006369065,0.004340602,3.929e-05,0.003683768,0.010623684,-0.010634898
2023-09-27,-0.012698859,-0.019650659,-0.012480897,-0.000115637,-0.003714267,0.00021183,0.010629902,-0.011006083,-0.01614192
2023-09-28,-0.003398313,0.008484359,-0.007475724,0.000794117,0.006296441,0.000323689,-0.005421902,-0.013824999,0.00332327
2023-09-29,-0.009726159,-0.007393728,0.00011966,-0.000105292,0.000666023,3.6093e-05,0.00513384,0.00719905,-0.025012477
2023-10-02,0.016802758,0.014608854,0.013580694,0.001222866,0.008204859,3.1576e-05,-0.003752448,0.02446698,0.013689742
2023-10-03,-0.00603828,-0.015636641,-0.009312802,0.000986259,-0.004174302,7.2227e-05,0.008606845,-0.006087158,-0.008769178
2023-10-04,-0.02713082,-0.048733025,-0.038146946,7.7801e-05,-0.006158718,0.000192532,-0.007874157,-0.023879844,-0.012863677
2023-10-05,0.016127051,0.013732092,0.007204536,0.001007037,-0.002066101,-6.262e-06,-0.003385954,0.000594798,-0.015517754
2023-10-06,-0.005249013,-0.004717591,-0.015597285,0.002621825,0.001886937,0.000306672,0.012998492,-0.005417921,-0.021193476
2023-10-09,-0.017495752,-0.026247352,0.00063764,-0.002605153,-0.002415465,0.000218906,0.008308664,0.003710875,0.003401755
2023-10-10,0.000939874,0.009858799,-0.009332238,-0.000278571,-0.001561823,0.000197625,0.002250857,-0.014673082,-0.010317309
2023-10-11,-0.001636912,0.010087312,-0.009586444,-0.001495619,-0.008368392,4.8802e-05,-0.004354407,0.001318962,-0.009139054
2023-10-12,-0.008850403,0.004354309,-0.004759714,0.002953156,0.003731685,0.000158837,0.007380989,-0.00795968,-0.013417985
2023-10-13,0.006920613,-0.004900629,0.000289535,0.002205783,0.00055038,0.00032032,-0.004570653,0.013366545,0.006073393
2023-10-16,-0.028762968,-0.034135006,-0.031456766,-0.00156291,-0.005114801,0.000310095,-0.003233538,-0.018696183,-0.025582956
2023-10-17,0.005987692,-0.01093264,-0.015244977,-0.003483143,-0.001377892,6.2973e-05,0.018841608,0.00385672,0.0035267
2023-10-18,-0.015065034,-0.018777865,-0.004835249,0.003750992,-0.00157336,7.0649e-05,-0.011379529,-0.017266104,-0.008748714
2023-10-19,0.004060228,-0.008926956,0.001041209,0.005390592,0.009371907,0.000142559,0.007806127,0.002828897,0.000901118
2023-10-20,0.010664024,0.014606219,0.010895543,2.2855e-05,-0.005670992,6.6423e-05,0.011786548,0.009994121,-0.003952806
2023-10-23,-0.003811316,0.002604094,0.020204371,-0.003440066,-0.003340803,0.000307567,0.012297062,0.00558804,0.000836093
2023-10-24,-0.011206219,-0.017939357,-0.017839391,0.005522981,0.00667376,0.000216628,0.003073965,0.002546831,0.001324399
2023-10-25,-0.00073421,-0.013155645,0.004928316,-0.002229992,0.00185005,3.3689e-05,0.004951051,-0.000211922,0.009641452
2023-10-26,0.027318463,0.014901323,0.032388249,0.002278216,0.00414385,0.000164665,-0.000334445,0.007931274,-0.00065464
2023-10-27,-0.002896863,-0.006743471,0.00697116,-0.000529964,-0.002831625,2.6577e-05,0.0227309,-8.8582e-05,-0.011055551
2023-10-30,-0.03106365,-0.035409216,-0.017476388,0.008547075,0.006905047,0.000361612,0.011973336,-0.017267158,-0.022950946
2023-10-31,-0.017286814,-0.029114438,-0.022945738,0.002631044,-0.004017767,0.000119846,0.012705706,-0.004277298,-0.011699361
2023-11-01,-0.002117468,-0.01125366,0.007288494,-0.007139264,-0.000245512,0.000282719,0.011280904,-0.017516414,0.010418088
2023-11-02,0.004705147,0.029896106,0.034385396,-0.002841898,-0.000958568,-0.000186799,0.004512659,0.008250923,-0.001307168
2023-11-03,-0.007747456,-0.022281756,-0.021106927,0.002127965,-0.000174664,0.000223275,-0.00297346,0.008530444,-0.001466389
2023-11-06,-0.020695061,-0.012186426,-0.02075361,0.000657778,0.002828343,0.000364476,-0.012367309,-0.008275695,0.016161654
2023-11-07,0.012278054,0.023524764,0.036491766,-0.000277147,0.001328084,0.000186399,-0.01542586,-0.007828742,0.037427067
2023-11-08,0.014230957,0.018982868,-0.007177284,-0.000468738,-0.000400958,0.000129677,0.012677975,-0.009938095,-0.016519326
2023-11-09,-0.001018555,0.019654134,0.015571817,-0.002762372,0.003030578,0.000101555,0.001774413,0.014475219,0.003522555
2023-11-10,0.013921888,0.011540746,-0.003623407,0.000198231,0.001277812,0.000355171,-0.018983235,0.007211042,0.008051495
2023-11-13,0.005899633,-0.002375671,0.014836876,-0.005906837,0.000801698,-3.6492e-05,0.00157616,0.01424424,-0.00497059
2023-11-14,-0.017457867,0.006371661,0.00801727,-4.827e-06,0.002278366,0.000276283,-0.000425969,0.00074964,0.026559096
2023-11-15,-0.02316833,-0.020053143,-0.019510651,0.004307252,-0.005436058,0.000116817,-0.004374521,-0.008583827,-0.023651952
2023-11-16,0.013608485,0.029692839,0.013717523,-0.001708954,-0.009464105,2.4874e-05,0.009056356,-0.000579556,0.014797627
2023-11-17,-0.01624317,-0.016020584,-0.020976633,0.003046429,0.002956431,6.9982e-05,0.0001361,-0.028294086,-0.001474948
2023-11-20,-0.01209667,-0.003676556,-0.008799606,0.001175886,-0.004597618,0.000127206,0.010435216,-0.01397153,-0.005845347
2023-11-21,-0.004296505,0.00979313,-0.002773809,0.002296353,0.01095298,0.000140763,0.000361616,0.002248826,-0.002066362
2023-11-22,0.010749185,0.007546905,0.019313332,0.001278436,-0.000846703,0.000216391,-0.004729182,-0.008461331,-0.0031972
2023-11-23,0.001963348,-0.000217682,-0.003961903,-0.000191974,0.000838511,0.000185665,0.000930002,-0.012820907,-0.008433387
2023-11-24,-0.012235833,-0.000482917,-0.013569305,-0.006625215,-0.014555044,0.000156692,-0.00117146,0.002445685,0.002879581
2023-11-27,0.002796939,0.006960205,0.005607975,0.004999816,0.001715434,0.000131895,-0.002939446,0.017119352,0.000574851
2023-11-28,0.000994062,-0.006381685,-0.008576237,-0.002566564,-0.008039798,0.0002267,0.001544258,-0.002232025,0.002037821
2023-11-29,-0.006264725,-0.019808536,-0.011535935,0.002452944,-0.002982969,0.0001531,-0.008648788,-0.023439314,-0.00060896
2023-11-30,0.012195709,0.009022606,-0.011238245,0.006591945,0.005395223,9.0286e-05,-0.002102813,0.001601148,0.001477381
2023-12-01,-0.031204647,-0.046915571,-0.03553209,-0.004028722,-0.010982896,5.9735e-05,-0.004919957,-0.027738107,-0.028741849
2023-12-04,-0.005063196,0.012019228,0.000309896,0.007365121,0.005111734,0.000139298,0.003875585,-0.001850399,-0.025299436
2023-12-05,-0.006641284,-0.016684156,-0.010098565,0.000569159,-0.002076442,0.00017523,0.000780404,0.000859217,-0.003857859
2023-12-06,-0.003924545,-0.013169548,-0.011456904,0.006215333,0.008351207,9.7601e-05,-0.001748425,0.014791409,-0.012334884
2023-12-07,0.007239586,-0.010299421,-0.001071857,-0.001310084,0.006828395,3.72e-07,-0.015273724,0.005568711,-0.007565408
2023-12-08,0.009900357,0.018863776,0.004979957,-0.003158785,0.0050265,5.82e-07,-0.010925885,0.009288484,0.009838014
2023-12-11,0.011895654,0.023508419,0.001316949,0.001147915,0.003138312,0.000372325,9.4231e-05,0.039813358,0.002312499
2023-12-12,-0.011646844,0.008339752,0.009239822,-0.002582863,-0.000993661,3.5443e-05,0.004963617,-0.009813916,-0.017028267
2023-12-13,0.007878787,-0.000183175,0.012554693,0.011648441,0.014844079,8.5599e-05,0.0078724,0.012098743,0.010353096
2023-12-14,0.006787395,0.024841266,0.004151826,0.005815614,0.005712954,0.000196355,0.011129269,0.000587349,0.029244338
2023-12-15,0.00910325,0.008815322,0.025231089,-0.003022801,0.005235745,0.00027923,0.004141029,0.009318564,0.004371621
2023-12-18,-0.012943655,-0.003621702,-0.017090414,0.001646757,0.007276719,-9.21e-06,0.002138586,0.014357467,-0.009084279
2023-12-19,-0.002127501,-0.004173367,0.002449924,-0.005906723,-0.006127923,0.000155583,-0.008800352,-0.007307972,0.009786169
2023-12-20,-0.005354137,-0.001700992,-0.008977858,0.008910773,0.010420868,0.000419492,-0.02008584,0.005117382,0.019529801
2023-12-21,-0.024816111,-0.037278292,-0.027329218,0.007621608,0.003736948,0.000204999,-0.006883166,-0.020367208,-0.037150238
2023-12-22,-0.019005003,-0.024866263,-0.012339075,0.00328033,0.001814223,-2.3259e-05,0.013891934,-0.015614428,-0.020518836
2023-12-25,-0.018278399,-0.032573132,-0.018677826,0.005331813,0.006498409,0.000249823,0.018976331,0.018892025,-0.019372357
2023-12-26,0.009651982,0.016174518,0.007354591,-0.000352801,-0.000969339,0.000267407,-0.016293754,0.013429791,-0.011428686
2023-12-27,0.000660434,0.01310698,0.006237348,0.002008949,-0.002760858,5.9729e-05,-0.016927559,0.026246082,0.017669288
2023-12-28,-0.005642113,-0.018193682,-0.016618814,0.003600159,-0.005583308,9.9371e-05,-0.010215822,-0.016898643,-0.002288422
2023-12-29,-0.013286157,0.003830378,-0.014143007,-0.00303665,-0.007689976,0.000214712,-0.009256276,-0.003294141,-0.016909474
2024-01-01,0.009689177,-0.000194103,-0.013710634,-0.005216448,0.001169258,0.000332768,0.005372968,0.000526933,-0.001553227
2024-01-02,-0.018553756,-0.000210266,0.002544784,-0.007005956,-0.001887654,8.2579e-05,0.008738257,-0.006633275,-0.002770969
2024-01-03,0.005948491,0.004870907,0.011742958,0.00146088,-0.001749818,-7.6506e-05,-0.004669087,0.018621384,0.005096817
2024-01-04,0.024336439,0.029121646,0.022507688,0.004585543,-0.005564862,0.000185821,0.006061826,0.020736398,0.011911651
2024-01-05,-0.007165943,-0.030067347,-0.007043558,0.004476771,-0.005844312,0.00013027,0.008345345,-0.017221633,-0.016616964
2024-01-08,-0.015136046,-0.024866632,-0.019607899,0.006022474,0.012240892,1.728e-05,0.011956582,0.000917373,-0.017652504
2024-01-09,0.005464074,0.012518156,0.005848039,-0.002572327,-0.007900238,0.000124468,-0.003514036,-0.015612568,0.009842373
2024-01-10,0.001841626,0.02248727,-0.003700823,0.003285313,0.001870377,0.000419366,0.000816888,0.002919883,0.011724871
2024-01-11,-0.002929042,-0.004411631,-0.012284143,0.000716573,-0.001975361,-5.5059e-05,0.006666243,-0.009565352,-0.004137396
2024-01-12,0.002416048,-0.003125456,0.009769641,-0.002257976,0.002972379,0.000387694,0.003617077,0.004732893,0.008225807
2024-01-15,0.013623061,0.016836519,0.03137087,0.001880175,0.001233328,-2.326e-06,-0.002411916,0.008468653,0.016544636
2024-01-16,-0.011332426,-0.019289803,-0.013770963,-0.003168685,-0.000811776,8.7275e-05,-0.006870006,-0.000945783,-0.00218886
2024-01-17,-0.004453986,-0.011673724,-0.008139228,0.005782746,0.003063906,-4.2401e-05,0.003252839,0.011153244,-0.004751137
2024-01-18,-0.009985465,-0.020941565,-0.007132787,0.000838131,0.00620552,0.000324762,-0.003781249,0.001977311,-0.007909853
2024-01-19,0.006889385,0.008199678,0.019545358,0.003804325,0.000186835,7.5965e-05,-0.001563631,0.016440743,-0.003674994
2024-01-22,-0.016760095,-0.008278775,0.006829457,0.008831355,-0.000314039,0.000399212,0.010573875,0.003608901,-0.011150653
2024-01-23,-0.004126339,-0.000447478,-0.002739397,-0.000274324,0.002562862,0.00016487,0.00609351,0.001113701,-0.016532913
2024-01-24,0.024679189,0.01233806,0.005952655,-0.004815471,0.002323333,8.1057e-05,0.00142619,0.007745496,-0.002352892
2024-01-25,-0.014955115,-0.025741982,-0.018080473,0.001198315,0.006648457,6.5909e-05,-0.008709498,-0.016662856,-0.000142285
2024-01-26,0.002624797,0.027338284,0.011395323,0.002216079,0.00280737,-4.0698e-05,0.004180247,0.000301384,0.003751057
2024-01-29,0.008790015,0.002136187,0.005629543,0.005146916,0.001833074,0.000197772,0.006463397,0.002178971,0.016743478
2024-01-30,-0.011187043,-0.018858006,0.009513276,-0.00126121,-0.007785245,5.2987e-05,0.001359891,-0.014354336,-0.009753229
2024-01-31,-0.022644275,-3.2266e-05,-0.003178733,0.002792545,0.003604814,0.000286576,-0.006614354,-0.008121849,-0.001506743
2024-02-01,-0.012115241,-0.014373077,-0.021742799,0.002181316,-0.000704059,0.000234965,0.010112033,0.01498691,-0.000302489
2024-02-02,0.0241886,0.040014697,0.023315044,-0.004901983,0.003601714,0.000141982,-0.012610624,-0.004135479,0.011864865
2024-02-05,0.035581122,0.022272682,0.023980308,-0.000937446,0.003276983,0.00026848,-0.003242326,0.014033085,0.009253634
2024-02-06,0.005297445,-0.00840087,0.010735724,-0.004100543,-0.003920479,9.9751e-05,0.004266361,-0.007782522,0.002580199
2024-02-07,-0.001075607,-0.028064053,-0.018739944,-0.001144374,-0.007762216,5.8042e-05,0.009812845,-0.035496691,-0.01612297
2024-02-08,-0.013615321,0.002428978,-0.010435542,0.005695573,0.009076627,0.000267728,-0.002585309,0.011600326,-0.004079147
2024-02-09,-0.019554535,-0.01892297,-0.030071348,0.003415627,-0.007452413,0.000307022,0.008023771,-0.022632815,-0.01148782
2024-02-12,0.008167097,0.018398874,-0.008566267,-0.000799892,0.001564058,0.000240195,0.001363098,-0.001040256,-0.009514266
2024-02-13,0.006598513,0.012639743,0.007182418,0.006657927,0.012525511,0.000235792,-0.000818179,0.016837352,0.008758761
2024-02-14,0.003171054,0.022248952,-0.000100971,7.4912e-05,0.000839234,0.000263485,-0.004786649,0.001462874,-0.014931851
2024-02-15,0.032729788,0.017982902,0.023915043,0.002998922,0.007553241,0.000335983,-0.018151515,0.018229453,0.001393691
2024-02-16,-0.00171476,0.015594824,0.000650122,-0.000959034,-0.000533076,0.000105981,-0.00201459,-0.007640399,0.003064314
2024-02-19,-0.013538562,-0.006939847,0.009087336,6.5569e-05,0.002598656,0.000127753,0.011044789,-0.005298627,-0.002204544
2024-02-20,0.005577727,-0.001109402,-0.006390785,-1.8247e-05,0.003226337,0.000298811,-0.012942265,-0.007182466,0.000190078
2024-02-21,0.017022608,0.012293919,0.010235018,0.000778743,0.00304927,0.000112213,0.003062061,0.003305849,0.012598481
2024-02-22,-0.002599021,0.008403559,-0.021199213,-0.003489165,-0.013008758,0.00016494,-0.015306454,-0.013359035,-0.001065117
2024-02-23,-0.006479783,-0.016110141,0.005287364,0.001687431,0.010089914,0.000114517,0.004030798,0.025166619,0.000754332
2024-02-26,0.0012721,-0.002003766,0.003161109,-0.000868838,0.002739449,0.000179526,-0.00688444,0.010553191,-0.00310352
2024-02-27,-0.000978731,0.007394291,-0.005973197,-0.000154837,-0.000537231,0.000286381,-0.006865245,-0.005097206,0.005481991
2024-02-28,0.023065287,0.034606034,0.013784057,-0.009041618,-0.004099763,0.000206254,0.010094347,0.012576007,0.005970415
2024-02-29,-0.003516728,0.004378712,-0.024964585,0.007840012,0.009903987,0.000183104,-0.019295283,0.019784389,-0.009026875
2024-03-01,-0.019728408,-0.012202723,-0.016323661,-0.007406993,-0.015327671,0.000299693,-0.004764408,-0.011739016,-0.019002204
2024-03-04,0.012021813,0.024270466,0.021350509,0.001229236,-0.001709188,-8.6525e-05,0.00625742,0.002769352,0.013266178
2024-03-05,0.014158375,0.021914125,0.012132686,-0.000692345,-0.001590242,4.6496e-05,0.013293309,0.004606989,0.012941715
2024-03-06,-0.01820649,-0.030095681,-0.026873679,0.001446403,-0.003838739,3.095e-06,0.018594135,-0.024701857,-0.015183842
2024-03-07,0.000964427,0.006510126,0.005040517,-0.000754934,-0.00365987,4.7325e-05,-0.003823657,-0.003241596,-0.001082152
2024-03-08,0.010294274,0.013195071,0.000394052,-0.010554464,-0.006939689,-2.047e-06,-3.5584e-05,-0.02075931,-0.006927135
2024-03-11,0.000786457,0.00530398,0.003426324,0.00293928,-0.002186766,0.000247315,0.010014505,-0.001055641,-0.010233922
2024-03-12,-0.022663201,-0.015166202,-0.017953852,0.00262625,-0.00305083,0.000260679,-0.012800243,-0.026656226,-0.007480072
2024-03-13,0.027174904,0.023153169,0.015597321,-0.004241935,-0.004039748,0.000302461,0.020403786,0.00189961,-0.004420913
2024-03-14,-0.009242273,-0.016633938,-0.026881877,-0.001870923,-0.008139414,-5.24e-06,-0.002951343,-0.008113847,-0.006959161
2024-03-15,0.002523084,0.004499227,0.004728622,0.000652076,-0.000937658,0.000130888,0.005793662,-0.016572959,-0.003193011
2024-03-18,0.005030523,0.001280572,-0.002615005,-0.00332312,-0.005878929,0.000104604,0.001216276,-0.007371487,-0.001464952
2024-03-19,0.006958621,0.012714141,0.015886483,-0.006888583,-0.001127731,0.000506425,-0.005982186,0.01052575,0.015791898
2024-03-20,0.011927697,0.025534625,0.026370039,0.005794687,0.002775738,5.2058e-05,-0.003426595,0.022655488,0.006882041
2024-03-21,0.029153381,0.036294723,0.019034675,-0.004699147,-0.002873415,0.000189084,0.00720854,0.007871189,0.036610076
2024-03-22,-0.003538264,-0.013280876,-0.000347545,0.000574414,-0.008002649,0.000348368,-0.008312579,-0.006997804,0.011169707
2024-03-25,-0.01748353,-0.029575493,-0.005085158,-0.001544752,-0.007055643,7.3644e-05,-0.001152326,-0.014964018,-0.010127226
2024-03-26,0.02464311,0.028294332,0.034853536,0.00168387,0.005945333,0.000485312,-0.000832747,0.013786675,-0.000751194
2024-03-27,0.004459286,-0.011402951,0.00029078,0.000487578,0.004409886,-9.1207e-05,-0.002072028,0.019091994,0.003007571
2024-03-28,-0.002977442,0.019589527,0.007366435,-0.004613473,-0.002563577,0.000152205,0.010587272,-0.001099611,-0.002812718
2024-03-29,0.031901481,0.034680963,0.029056637,0.000171174,0.001650896,0.000111347,0.012532412,0.018644649,0.008728745
2024-04-01,-0.002198275,0.01103794,-0.019462713,-0.00181789,-0.005452254,0.000260903,0.01503206,-0.010500664,0.012315585
2024-04-02,-0.005072899,0.013677417,0.014987462,0.005019804,0.006860177,0.000357398,-0.001669265,0.014016225,0.011992801
2024-04-03,-0.009481732,-0.008738863,-0.012305829,0.001579202,-0.00262108,0.000397261,-0.010424043,-0.017435507,0.002755427
2024-04-04,0.006107034,-0.014343563,-0.033848364,0.010181347,0.009992366,5.3413e-05,0.018726539,0.012266122,-0.012451709
2024-04-05,-0.012313855,-0.007177177,0.004579903,0.007317378,0.006394765,0.000377281,-0.021273838,0.011137197,0.001510242
2024-04-08,-0.005129003,-0.02084517,-0.012147769,-0.003015442,-0.001799737,0.000143044,-0.014006372,-0.023194425,0.015833741
2024-04-09,0.015853448,0.010563767,0.011168792,0.003483674,0.014045861,0.000317783,0.004650143,0.009261769,-0.003265002
2024-04-10,-0.003655242,-0.016063845,-0.009224345,-0.002228361,-0.004306468,0.000323646,0.005943008,-0.011837322,-0.006437745
2024-04-11,-0.007597267,-0.030323477,-0.020296979,-0.001196183,-0.005823476,0.000119121,0.02339056,-0.003530496,-0.020306589
2024-04-12,-0.004337818,0.006927123,0.004434565,-0.001271726,-0.000498159,0.000237066,0.013900701,0.001216656,-0.021082773
2024-04-15,0.018092891,0.013944201,0.027432879,0.000643322,0.002778801,0.000187677,-0.005759692,0.008339319,0.013666544
2024-04-16,0.00162727,0.002987207,0.020241782,-0.000219873,-0.008206346,8.2275e-05,0.001198494,-0.018473797,-0.005458752
2024-04-17,0.003408928,0.008684487,-0.025750259,0.001937459,0.003124092,0.000139438,0.006514376,-0.003508035,-0.010673702
2024-04-18,0.01245501,-0.0004539,0.004811833,-0.003357583,0.004878827,0.000432033,0.007550034,0.010070636,0.008750861
2024-04-19,-0.002276468,0.005964839,0.01581282,0.003144653,0.004764894,9.7381e-05,0.001277567,0.006089276,-0.008646605
2024-04-22,0.012249048,-0.010914742,-0.000273346,0.004975776,0.002500908,0.000162233,0.000252288,0.002093263,0.010070044
2024-04-23,-0.015805115,-0.009016966,-0.017964385,0.003885245,-0.002002418,0.000452174,0.010230892,-0.017020343,-0.015747644
2024-04-24,-8.3975e-05,0.001063022,-0.000367284,0.001731462,0.004720986,0.000145194,0.019873971,0.020767083,0.015284929
2024-04-25,-0.015499078,-0.011303637,0.00950691,0.003743283,0.003138904,3.5292e-05,0.005615298,-0.003334764,0.004169475
2024-04-26,0.027317304,0.031566936,0.011617769,-0.000550018,-0.001422038,0.000114726,-0.010528253,0.00861907,0.012260544
2024-04-29,-0.006129736,-0.03235748,-0.026014112,0.000322579,-0.00123334,0.000178876,0.006327545,-0.014684375,-0.014779624
2024-04-30,0.01444884,-0.005138753,0.006614097,-0.000930741,-0.003592758,0.000108383,-0.002043571,-0.011893293,0.005891802
2024-05-01,0.017185721,0.004931913,0.018139135,0.005050866,0.010341871,0.000229587,0.012100352,0.012198074,0.016513415
2024-05-02,0.001176823,-0.000112386,7.2369e-05,-0.003890455,-0.008233658,0.000179965,-0.002463484,-0.006255072,0.000214882
2024-05-03,-0.00404426,0.004686638,0.000725566,-0.006760766,-0.008742572,0.000173377,0.008432178,-0.00420757,-0.0034176
2024-05-06,0.000617928,-0.001036445,0.009975468,0.003816465,-0.008843926,-0.000108036,0.015367379,-0.011798322,0.012071892
2024-05-07,0.009947601,-0.004218609,0.013629764,-0.005279474,0.000653113,0.000273873,0.012390491,0.000312443,0.002070337
2024-05-08,-0.014569823,-0.011726167,-0.002405526,0.007393278,0.00999969,0.000155384,0.001180744,0.007196019,-0.000269916
2024-05-09,0.011614083,0.005603231,0.014981165,0.005869497,0.008462927,0.000323184,-0.020061311,0.010890812,0.006017245
2024-05-10,-0.020009114,-0.023273229,-0.014717482,0.003492221,0.0012791,0.000119009,0.005486429,-0.019028806,-0.01946383
2024-05-13,-0.026782308,-0.047401002,-0.030925584,-0.001043853,0.000115059,0.000218977,0.002183544,-0.023815273,-0.035149403
2024-05-14,0.010040838,-0.000630986,0.005729764,0.007665125,0.007603538,0.000128681,0.014248274,0.021017876,-0.002931081
2024-05-15,-0.005502677,-0.02306651,-0.021787026,0.003928017,-0.005875418,0.000113444,0.000724509,-0.011186232,-0.020943745
2024-05-16,0.006435246,-0.008059393,0.014363579,-0.003774175,-0.003948451,0.000132123,-0.000675404,-0.006546399,0.002074557
2024-05-17,0.010763051,0.027429604,0.000797725,-0.001578571,-0.003276778,4.6e-06,-0.008648098,-0.013148189,0.024221398
2024-05-20,0.004778039,0.004637491,0.005005782,-0.004674897,0.006463041,0.000340812,0.005762939,0.009830585,0.009037885
2024-05-21,0.013930303,0.024578443,0.022955492,0.002495508,4.1096e-05,2.5199e-05,0.001814205,0.003513631,0.001371032
2024-05-22,0.002551856,0.004247273,-0.004549958,0.001283705,0.002985056,-1.7978e-05,-0.023219172,0.003433223,-0.000777802
2024-05-23,-0.006491299,-0.020260008,-0.01596781,0.007107246,0.010392727,0.000201682,0.009308648,0.001029004,-0.002592684
2024-05-24,-0.000400136,0.018797256,-0.015504365,0.009751792,0.004346128,0.000323168,2.1943e-05,0.031281405,0.016216456
2024-05-27,-0.005521292,-0.006675799,0.005098576,0.002994799,-0.001277687,0.000327559,0.002260522,-0.010741231,0.001702851
2024-05-28,-0.008647014,-0.020887085,-0.018775715,0.004685835,0.000673131,8.7836e-05,0.005485413,-0.020856844,-0.022814298
2024-05-29,0.026483295,0.030751174,0.025235912,0.000837627,0.0038703,-1.5214e-05,-0.01122555,0.013389773,0.005364759
2024-05-30,0.006736781,-0.012097108,0.009824377,-0.001808271,0.000165057,4.5905e-05,-0.007615964,0.006592548,-0.010849253
2024-05-31,0.006131896,-0.024843036,0.002260306,-0.01207117,-0.002373759,0.000137017,0.004505046,-0.014302886,0.006098824
2024-06-03,-0.037705293,-0.013183512,-0.010790489,0.005831246,0.005706692,0.000164504,0.004190506,0.011777062,-0.025802494
2024-06-04,-0.00811395,0.007700557,-0.007669515,0.006254696,0.011004741,0.000262379,0.012295653,-0.012629536,-0.015348844
2024-06-05,0.002917443,-0.00545361,-0.019070194,0.004487793,-0.003746789,0.000214996,-0.016042895,0.013934246,0.009155763
2024-06-06,0.001305602,-0.003072994,-0.005000046,-0.000441829,-0.001674996,-8.0494e-05,-0.005124243,0.005700411,-0.005650605
2024-06-07,-0.012451371,0.000219594,-0.030512397,0.003984376,0.00126631,0.00026597,-0.002797298,-0.016082988,0.001126096
2024-06-10,-0.01894426,0.007519125,-0.005738138,0.003511801,0.001529339,5.4935e-05,-0.017839181,0.008164344,-0.002573705
2024-06-11,0.007673028,-0.011163004,-0.022151274,-0.004350933,-0.004037757,2.5954e-05,-0.007784609,-0.01619875,0.00693012
2024-06-12,0.017799022,0.025787567,0.025324236,-0.000316293,0.005957283,0.000249693,-0.004051196,0.014195246,0.01986049
2024-06-13,-0.015096544,-0.005103303,-0.003407957,0.006572295,0.003473127,-8.9576e-05,0.008435117,-0.011072842,-0.005649043
2024-06-14,-0.003536194,-0.007472123,-0.012712893,0.001690988,-0.000594937,0.000151169,0.001580423,-0.013753392,-0.010495754
2024-06-17,-0.006046217,0.013242742,0.015771499,-0.001186535,0.003441856,0.000317243,-0.004016853,0.008294443,0.004468408
2024-06-18,-0.005311155,-0.005977206,-0.00623375,0.000688632,0.001516416,0.000184296,-0.002481395,0.006011598,0.002357855
2024-06-19,-0.005929774,0.019963325,0.017408362,-0.001689984,0.000257111,7.0521e-05,-0.022667768,0.008161206,0.018693635
2024-06-20,-0.000882817,-0.00124916,-0.00325715,0.003933639,0.004992007,0.000330832,-0.022958491,0.011167565,-0.000964426
2024-06-21,0.001737799,-0.009320053,-0.004118949,-0.001243185,-0.009420597,-0.00023763,-0.006327017,-0.017919471,-0.013425546
2024-06-24,0.013453644,0.023910247,0.023954242,-6.6972e-05,-0.003663455,0.000214966,-0.004505984,-0.000430975,0.016676908
2024-06-25,0.014845463,0.019071576,0.002804551,0.001054403,0.005121882,1.5213e-05,0.004640144,0.011748244,0.014165012
2024-06-26,-0.016918221,-0.023810017,-0.005717761,-0.002417636,-0.007270775,8.6445e-05,-0.015546169,-0.01570502,-0.00596405
2024-06-27,0.011293527,0.018075936,0.032629762,-0.005062707,-0.005630895,0.000287784,-0.010237513,0.009391414,0.00705152
2024-06-28,0.012728185,0.021361619,0.01674693,0.006093726,0.005462304,-3.9545e-05,0.006527366,0.015946979,0.001732723
2024-07-01,0.006984882,-0.027802698,-0.00209399,-0.003758779,-0.001838514,0.000295196,0.014847124,0.001476376,0.00280254
2024-07-02,-0.024394031,0.00066576,-0.001212041,-0.004041081,-0.000458832,0.000183485,0.011492412,-0.006920835,0.003375417
2024-07-03,0.016447536,0.0161062,-0.000110029,0.00314526,0.001163535,-8.885e-06,0.002943025,0.046346658,0.004610794
2024-07-04,-0.025919639,-0.002595565,-0.014792034,-0.00282903,-0.004445207,-9.6397e-05,-0.018313522,-0.012544508,-0.000252646
2024-07-05,0.01030115,0.022299957,0.023797086,-0.00017773,0.003512805,0.000143571,-0.000728927,0.014369711,0.015846623
2024-07-08,0.006100584,0.011604757,0.024277814,0.00072144,0.002793155,-0.000117755,-0.003408872,0.005418403,0.014992337
2024-07-09,0.020407327,0.027866327,0.042442231,-0.007749821,-0.00348251,0.000173013,-0.001004932,0.026625112,0.004458322
2024-07-10,0.013170511,0.026315256,0.022693433,-0.007088391,0.003186071,1.328e-05,-0.014107415,0.007555295,0.021627636
2024-07-11,-0.004337171,0.006099354,-0.010572514,0.00351804,-0.008737203,0.000226597,-0.01386675,-0.005798415,-0.004257869
2024-07-12,-0.006300618,0.004772361,0.008911518,-0.003165661,-0.001607042,0.000196877,0.007054193,0.01069298,-0.004420381
2024-07-15,-0.038446016,-0.039133809,-0.039510343,0.004488881,0.00325404,0.000334537,0.006351845,-0.028892451,-0.034407971
2024-07-16,-0.045948325,-0.061220149,-0.067230004,-0.001184357,-0.006440861,-4.7298e-05,0.005004373,-0.040666465,-0.027021577
2024-07-17,0.011470284,0.018076912,0.022732122,0.003195905,0.009274895,0.000204346,-0.006364463,0.014526626,-0.006319789
2024-07-18,-0.002319498,-0.010560903,-0.005709317,0.000312845,-0.000734648,0.000111493,0.004934546,-0.01757893,-0.004072418
2024-07-19,-0.025815909,-0.027460048,-0.023986405,0.008897242,0.0058077,3.1876e-05,0.003164874,0.011068594,-0.020128307
2024-07-22,0.007069624,-0.006467309,0.009284538,0.005442756,0.004610306,0.000230688,-0.009990638,0.031397543,0.006757685
2024-07-23,-0.01261574,-0.007929212,-0.008117269,-0.005488546,-0.009149222,0.000183022,-0.007531507,-0.01071249,-0.018069775
2024-07-24,-0.007014647,0.012387937,0.015812293,0.002578933,0.008034576,0.000275308,0.005571878,-0.000482501,-0.015805521
2024-07-25,-0.006727435,-0.002306625,-0.001199491,-0.002808392,-0.002460973,0.000113783,-0.007221531,0.007588778,-0.005857166
2024-07-26,0.04079864,0.025986942,0.023826927,-0.00045613,0.005162747,0.000112052,-0.015013371,0.033902652,0.031657295
2024-07-29,-0.011026925,-0.016451053,-0.002438902,-0.008039362,-0.004643555,0.000255622,-0.002722349,-0.019908329,-0.004856576
2024-07-30,0.023139646,0.005100441,0.005804717,-0.006443104,-0.003393687,4.6356e-05,-0.000743813,0.007000024,0.015777743
2024-07-31,-0.001298412,-0.005327506,0.004699761,0.009513108,0.001002436,0.000127151,0.01738624,-0.007444085,-0.000728003
2024-08-01,0.021546861,0.010565122,0.010974321,-0.000985468,-0.006091061,5.055e-05,-0.002038594,0.006101835,0.006995959
2024-08-02,-0.020713569,0.005680699,-0.005158689,-0.000831829,-0.004918323,0.000158104,-0.003019256,-0.028906297,0.001399213
2024-08-05,0.011576806,0.015441282,0.009104265,-0.000408533,-0.000449991,0.000187023,-0.006723878,0.005254959,0.018241756
2024-08-06,0.003765593,0.005309093,0.004615379,-0.000700749,0.002640841,-7.6141e-05,-0.006146571,-0.008446277,0.000902332
2024-08-07,-0.013416579,-0.016662138,-0.009587047,-0.010401693,-0.00824834,-1.4115e-05,0.018713263,-0.015487555,0.004847098
2024-08-08,-0.004141408,-0.015610656,-0.014776277,0.003885156,-0.000486107,0.000464609,0.013388557,-0.025097264,-0.006271525
2024-08-09,-0.000333984,-0.008119545,-2.854e-06,-0.007939317,-0.005535379,7.8591e-05,0.012306916,-0.003557594,-0.003172734
2024-08-12,0.014418034,0.007840366,0.015971294,0.003487448,0.006079898,0.00017781,-0.003081261,0.011569688,0.014325388
2024-08-13,0.011276325,0.002186791,0.01254374,-0.000748945,-0.003051977,0.000140795,0.020342813,0.001762021,0.016950381
2024-08-14,0.003558353,-0.003162809,0.004622817,0.006400946,0.003408645,0.000181555,-0.005369259,0.002782591,-0.00486133
2024-08-15,0.008714717,0.01891989,0.035820714,-0.002683791,-0.001318005,0.000136572,-0.02717928,-0.004686045,0.01148935
2024-08-16,-0.009118055,-0.01277177,-0.00039806,-0.005926684,-0.002685397,0.000168052,0.01343924,-0.013602415,0.004213266
2024-08-19,0.002695414,0.001679131,0.006576168,-0.003009705,-0.001174954,0.000226309,-0.004213057,0.006696279,0.012929524
2024-08-20,-0.01480542,0.002826178,-0.027123851,0.002957168,0.002280341,0.000255172,-0.000695339,-0.001616271,-0.007040774
2024-08-21,-0.010914482,0.007807386,0.000395379,0.001117757,0.002858722,0.0002027,0.016702727,-0.005264446,0.015790988
2024-08-22,0.010973743,0.020955859,0.020745658,-0.001706822,0.003258896,0.000346498,0.009505147,0.030425208,0.001256001
2024-08-23,-0.01624738,-0.009778556,-0.009079944,0.005314463,0.01144734,0.000266496,0.000926262,0.001550049,0.000422177
2024-08-26,-0.000894292,-0.024145026,-0.012891238,0.00299847,0.001845497,0.000419365,0.000987283,0.013261823,-0.004608469
2024-08-27,-0.013298399,-0.040917415,-0.034945936,-0.000828829,-0.007520466,-6.58e-05,-0.012521949,-0.029439843,0.002423468
2024-08-28,0.014998438,0.004147625,0.016057486,0.000374582,0.000325995,0.000148917,0.000968739,0.009428329,0.015438693
2024-08-29,0.015294258,-0.005859842,0.017118315,-0.00051355,0.005181288,0.000118768,0.015797458,0.002217438,0.010738347
2024-08-30,-0.001094938,0.006198432,-0.000116913,-0.005375175,-0.000584832,0.000126887,0.007342491,0.000922264,-0.000925142
2024-09-02,0.016671103,0.006183144,0.010788092,-0.002147821,-0.001048508,0.000132574,0.001119622,0.008552747,0.020051613
2024-09-03,-0.008618921,-0.01579969,0.010833,0.000110433,0.007526283,-4.459e-06,0.00016033,0.010607656,-0.000856772
2024-09-04,-0.014367881,-0.007975714,0.007739678,0.000323549,0.001138379,0.000361768,-0.001290459,-0.019862496,-0.00238422
2024-09-05,-0.023894222,-0.024059989,-0.020885514,0.000623451,0.004129683,0.000372279,-0.006596783,-0.029834506,0.000603769
2024-09-06,0.005525293,0.009272045,0.005870783,-0.002693429,-0.004146812,9.2702e-05,-0.024696525,-0.017827389,0.020651993
2024-09-09,0.008233071,0.021323373,0.021708306,-0.006173573,-0.001819027,0.000159538,0.000428991,-0.005030714,0.018610765
2024-09-10,-0.009475262,-0.014344209,-0.014851081,0.001970925,-0.000716921,0.000153533,-0.027090694,-0.008229486,-0.015407935
2024-09-11,0.013919974,0.0002462,0.005737025,0.003197075,0.009175753,0.000120892,0.004298567,0.003602747,-0.01600284
2024-09-12,-0.007347699,-0.00698743,-0.015234951,-0.006485215,-0.01111801,2.6829e-05,0.009032283,-0.024924785,-0.01408809
2024-09-13,0.007270619,-0.005880279,-0.005540343,-0.001159711,0.007155842,0.000116381,-0.015246496,0.002301006,0.001988047
2024-09-16,-0.009640743,-0.00290237,-0.003300155,0.002740666,-0.002864289,3.6364e-05,-0.013966622,-0.004953965,-0.001309883
2024-09-17,-0.007958117,-0.023471988,-0.003200651,0.000538644,-0.004237681,3.4625e-05,0.003309248,-0.001826136,-0.004762054
2024-09-18,0.023944773,0.005301507,0.034242643,-0.002465053,-0.003187202,0.00016336,-0.019141225,0.00296823,0.023529123
2024-09-19,0.015569364,0.021203634,0.006066432,0.005417146,0.007429174,1.8621e-05,-0.011570063,0.024112716,0.001734325
2024-09-20,0.01089153,0.018515392,0.010471999,-0.000893024,-0.004200898,0.000147212,0.001854689,0.011352149,-0.00409933
2024-09-23,0.007486838,0.0323419,0.025284799,0.000595101,0.008861362,8.3397e-05,0.006910589,0.015402114,0.010186937
2024-09-24,0.020072696,0.004520323,0.015317925,-0.00460308,0.002094494,0.000151777,0.022192327,-0.003514945,0.014286682
2024-09-25,0.029262372,0.00794776,0.004986874,0.001379443,-0.003548056,0.000228474,-0.015839021,-0.00696111,0.002302794
2024-09-26,-0.001787168,-0.005424596,-0.000841637,0.002767791,0.001923304,0.000234635,-0.007558091,-0.016565578,-0.01000586
2024-09-27,-0.020014746,-0.027554035,-0.023191333,0.000531704,-0.002445388,0.000287682,-0.004639447,-0.018158895,-0.018733724
2024-09-30,0.004213591,0.003264211,-0.005594627,0.000646246,-0.004416538,0.000293778,0.011594347,-0.004857569,0.015578519
2024-10-01,0.006370226,-0.004747173,0.009759089,-0.004384354,-0.000583292,6.0925e-05,0.000227356,0.009705095,-0.006687383
2024-10-02,-0.00278621,0.014182066,0.007521605,-0.000597246,0.001418254,0.000397376,0.012751838,0.00290671,0.008979788
2024-10-03,-0.022845577,-0.014841805,-0.021144004,-0.000116533,-0.006069441,-9.858e-06,0.009121684,-0.011294224,-0.00938675
2024-10-04,-0.021242934,-0.018578562,-0.019137742,0.006792261,0.000971497,0.000183968,0.010744749,0.003726613,0.001938019
2024-10-07,0.009739988,0.011278695,0.008850021,-0.003721273,-0.008888191,0.000315234,-0.010483569,0.004052616,-0.006838331
2024-10-08,-0.000575839,0.012914724,-0.002550594,0.001173045,0.004729247,0.000169534,0.014920932,-0.001058507,-0.00300466
2024-10-09,-0.002376451,-0.017475582,-0.018004811,-0.001346736,-0.008095658,0.000141501,0.013584879,-0.015522644,-0.015668528
2024-10-10,-0.006925345,-0.006198899,0.014775234,0.005200775,0.007438383,0.000149524,0.005232056,0.008646907,-0.005923355
2024-10-11,-0.013870031,-0.002893971,0.011562115,-0.002646944,-0.004132808,5.4229e-05,-0.007191024,-0.008760713,-0.021218665
2024-10-14,0.017194755,0.019487559,0.011622611,0.003763196,0.004037008,0.000169477,-0.004293915,0.006905846,0.019227245
2024-10-15,-0.020172141,-0.009378815,-0.015489223,0.003755951,-0.00447509,-9.8425e-05,-0.000202423,-0.017224207,-0.003802895
2024-10-16,0.000995283,0.015633742,-0.000186139,-0.004818016,-0.001051114,1.5371e-05,0.016379712,-0.012734546,0.007819592
2024-10-17,0.015584201,-0.01579468,0.007394168,0.006504318,0.005348101,0.0002515,0.01581728,-0.003613689,0.006471834
2024-10-18,0.012628984,0.006860805,0.009995723,0.000705948,0.004924749,0.000181439,0.000725086,-0.000380406,0.001986006
2024-10-21,0.011819961,0.02553815,0.011147582,-0.005257804,-0.007938455,0.000206685,0.01424163,0.009717807,0.028076346
2024-10-22,0.00072072,-0.001505143,0.020028103,0.002596631,0.009211099,4.4061e-05,-0.024595701,-0.00226901,0.003921967
2024-10-23,0.002345379,0.01037973,0.024864011,-0.000474618,-0.004681952,5.4927e-05,-0.00228591,0.006920277,0.006797407
2024-10-24,0.005164315,-0.026786241,-0.006334855,-0.000455714,-0.007838302,0.000258571,-0.010687892,-0.000895232,-0.012843983
2024-10-25,-0.009043719,0.004908953,-0.008249361,-0.004703033,-0.002774436,6.2089e-05,0.011626625,-0.00217111,-0.007343848
2024-10-28,4.877e-05,0.022466608,-0.006688426,0.001955317,0.003061613,0.00016948,-0.010987551,-0.003642511,-0.006815771
2024-10-29,0.010239956,0.026275848,0.017808739,0.004136809,0.009197383,0.000163885,0.009917564,0.017888689,0.016813743
2024-10-30,0.001870705,-0.000790163,-0.001026163,-0.000268277,0.007498987,8.6616e-05,0.014091223,-0.003469822,0.003824164
2024-10-31,-0.000760246,0.001247294,-0.007864524,0.009943537,0.006191616,0.000202856,-0.008370459,0.022912166,0.013921928
2024-11-01,0.008067952,-0.017632901,-0.009251845,-0.001087305,-0.008384144,4.689e-05,0.002408299,-0.004519526,-0.004693375
2024-11-04,-0.01371061,-0.011714793,-0.004880525,-0.000392909,-0.004138886,0.000123099,-0.008761456,-0.020820256,-0.023355841
2024-11-05,0.004261217,0.01106151,-0.009377765,-0.004492888,-0.001011964,0.000236809,0.011840588,0.01010143,-0.012440671
2024-11-06,0.008409712,-0.000866079,0.018618741,0.001187144,0.005068135,0.000160473,-0.005746703,0.002068317,0.008568633
2024-11-07,0.003929443,0.000261554,-0.004690873,0.002792088,0.00496183,0.000287417,0.011109577,0.010825018,-0.007250125
2024-11-08,-0.019668575,-0.053918129,-0.012837795,0.000506457,-0.006628688,9.7913e-05,0.016665963,-0.036871201,-0.00261495
2024-11-11,-0.01613523,-0.006158775,-0.001380658,-0.002680639,-0.001758272,0.000276187,-0.016150305,0.000614346,0.002535049
2024-11-12,0.009953235,0.001913572,0.009551488,0.000736613,-0.001463302,0.000112737,0.005480602,0.012302341,0.007479738
2024-11-13,0.009149029,0.030545622,0.011516266,-0.003222503,0.004634019,0.000186143,-0.0072226,0.005889722,0.015641911
2024-11-14,-0.010455657,-0.02089747,-0.013432856,0.003175906,0.001764235,0.000265222,-0.00107514,-0.009717654,-0.010883393
2024-11-15,-0.000499947,-0.018393643,0.001744573,0.003183086,-0.004666274,0.000100984,0.003422482,-0.022302401,-0.004446479
2024-11-18,-0.017236173,-0.011927742,-0.031248242,0.008177777,0.001521145,0.000135427,0.000318093,0.004571404,-0.009623578
2024-11-19,-0.000466508,0.000487483,-0.004230487,-0.000122553,-0.005104049,-3.74e-05,0.009722715,-0.000963239,-0.00950136
2024-11-20,0.021121912,-0.011667251,0.011678099,-0.001788435,-0.004099851,0.000282061,-0.008247959,0.013460166,0.001383728
2024-11-21,-0.008544727,0.000326952,0.006665505,-0.004267778,-0.009244418,0.000230041,-0.011228719,-0.011636732,0.000275253
2024-11-22,0.007307762,0.000677195,-0.003134552,0.006331202,0.005263154,0.000297301,0.014708509,0.017414701,0.015113538
2024-11-25,0.011041815,0.006810872,0.019391428,-0.001409201,-0.006901112,-9.8804e-05,0.007801907,0.016777149,0.023656138
2024-11-26,0.00621363,0.001328579,-0.00521216,-0.000498305,0.006130978,7.8934e-05,-0.008564984,0.017846431,-0.001730371
2024-11-27,-0.011707547,-0.025349592,-0.018133986,-0.003112308,0.00433926,0.000135632,0.003445111,-0.007617042,-0.027695448
2024-11-28,-0.005894797,-0.007804023,-0.016866424,-0.004986469,-0.009217253,0.000312702,0.007774381,-0.014843326,-0.009248291
2024-11-29,-0.010638146,0.006203738,-0.01126243,-0.00016213,-0.002465875,0.000153966,0.014161302,0.006599129,-0.002553973
2024-12-02,0.007288013,0.010744631,0.014111636,-0.000272828,-0.000502897,0.000154115,-0.002262986,0.010160097,0.016957257
2024-12-03,-0.012371564,-0.008180117,-0.007738902,0.005056468,0.000735643,0.000163259,0.002250351,-0.00283053,-0.021201981
2024-12-04,0.001657337,0.005168227,0.007878784,0.001457638,0.001185074,0.000183326,-0.023863377,0.00359889,-0.003629352
2024-12-05,0.006597005,0.011521334,0.014254873,6.4047e-05,0.010306205,0.000226031,-0.007321543,0.00578875,0.008127899
2024-12-06,-0.008551653,-0.001378811,-0.035111597,-0.005313897,-0.00039052,0.00036381,0.002456286,-0.020570797,-0.002932617
2024-12-09,0.006984113,0.000962788,-2.0068e-05,-0.004344607,-0.002933822,0.000156893,-0.006278272,0.018250455,-0.002389702
2024-12-10,-0.000346035,0.003190055,-0.004521101,-0.007133791,-0.00374881,5.3977e-05,-0.005785532,0.002835604,-0.002100286
2024-12-11,-0.021424532,-0.005625114,-0.015500328,-0.007907187,-0.009497108,0.000260209,-0.00341681,-0.005065818,-0.006384893
2024-12-12,-0.001699438,0.01285589,0.000865664,0.004878358,0.008108407,0.000143518,0.001338103,-0.016080074,0.011678636
2024-12-13,4.0598e-05,-0.006532997,0.023827793,0.004060892,0.004382391,9.87e-05,0.00447178,-0.003732727,-0.005962468
2024-12-16,-0.008182074,-0.018631078,-0.008920748,0.0043773,0.004323637,7.1231e-05,-0.014942231,-0.008313354,-0.000661567
2024-12-17,0.023531676,-0.011368279,-0.001626242,-0.011325384,-0.01163066,8.5078e-05,0.006411454,-0.020638133,-0.000472488
2024-12-18,0.010635747,-0.000680653,-0.011671935,-0.005453379,-0.000975469,0.000181179,-0.009615546,0.001717905,0.002649761
2024-12-19,0.000823998,-0.006284089,0.001434458,-0.000175163,0.002303614,0.000293181,0.003657142,0.015539748,-0.004931178
2024-12-20,0.013721367,0.022138456,0.016036943,-0.00201486,-0.00179937,6.8072e-05,-0.012155197,-0.00294212,0.019907419
2024-12-23,-0.009410694,-0.011390802,-0.00929267,-0.000483022,0.00401084,0.000111666,-0.01113087,0.017662757,-0.000156781
2024-12-24,0.013535296,0.006941154,0.012015379,0.005595454,-0.00025021,0.000110537,0.006210784,0.016054416,0.015124585
2024-12-25,-0.015819659,-0.026533564,-0.030141678,-0.000262114,-0.003195919,0.000208739,-0.00633026,-0.016008879,-0.013257037
2024-12-26,-0.007309387,-0.012675908,-0.014515838,-0.000476008,0.000404354,8.6877e-05,0.008508049,-0.013074187,0.001734989
2024-12-27,0.010408435,0.00116221,0.00467603,0.001609906,-0.008150203,-0.000119548,0.003951313,-0.002151027,-0.00788733
2024-12-30,-0.008073508,-0.004385583,-0.017498578,-0.001595012,-0.002395716,0.000107789,0.003907543,-0.003366876,0.008026673
2024-12-31,-0.007337907,0.013085413,0.027949756,-0.00104742,-0.0033283,0.000118092,-0.008885972,-0.00805141,0.004826021
2025-01-01,0.008458267,0.025607394,0.012694564,0.0033597,0.004209852,0.000209519,0.013536327,0.010056202,-0.008326768
2025-01-02,-0.004062667,-0.00664159,-0.014106796,0.004717753,0.000926052,6.7362e-05,0.016258068,-0.022721099,-0.004521062
2025-01-03,-0.011979606,-0.000264727,0.000378013,0.005712175,0.006290279,0.000223999,0.001797201,-0.012462759,-0.006229369
2025-01-06,-0.002188879,0.008123025,0.008726383,-0.002039146,0.001721999,0.000292371,0.011643365,0.001546174,-0.007958322
2025-01-07,-0.018368557,-0.01644411,-0.019788457,0.00061322,0.002720087,0.000107622,-0.007718244,-0.021243404,-0.009325616
2025-01-08,0.024377527,0.031897195,0.030377633,-0.00537999,-0.001896852,0.000143893,0.011868413,0.0066548,0.015278494
2025-01-09,-0.022745005,-0.038020991,-0.048208883,0.007309027,0.005106574,0.000266265,0.001929818,-0.005101093,-0.004320469
2025-01-10,0.007067489,0.003811671,-0.01624738,-0.003013638,0.005669101,0.000245315,-0.010588347,-0.001798381,0.009665183
2025-01-13,0.015744016,0.011214803,0.004417728,-0.002162332,0.005940083,0.000102037,-0.005272345,0.010488478,0.001491976
2025-01-14,-0.002255151,0.026498716,0.004670202,-0.005085961,-0.009979681,0.000121991,0.01714321,-0.001781552,-0.001192822
2025-01-15,0.019532501,0.025483272,0.015696246,-0.004415698,0.002412818,0.000306453,0.001266517,0.034306305,-0.003936343
2025-01-16,-0.019423029,-0.027497065,-0.021192228,-0.00122064,-0.010794007,-8.8431e-05,0.019062489,-0.006642144,-0.014038076
2025-01-17,0.003173379,0.016132597,-0.001387674,-0.008969932,-0.005186888,0.000361082,-0.001926986,-0.011649477,0.017064106
2025-01-20,-0.032572453,-0.034652006,-0.036858925,0.003356935,-0.000396767,0.000157604,-0.021267463,-0.018568476,-0.009994919
2025-01-21,-0.011282535,-0.021116562,-0.007087407,0.000756078,0.00233862,7.7418e-05,0.009617742,0.007639942,-0.000166133
2025-01-22,0.011165131,-0.00385703,0.002621509,-0.005109837,-0.005106426,0.000234062,0.012626227,0.002324485,0.010283824
2025-01-23,-0.001949482,0.025554645,-0.020434902,0.005283356,0.008036942,0.000188858,-0.005975496,0.000502619,0.007777525
2025-01-24,-0.01012608,0.016349911,0.003174732,-0.001070464,0.002291808,0.000101429,0.001694917,0.007084815,-0.002041297
2025-01-27,-0.009709686,-0.003138764,0.001815511,-0.003517089,-0.002480317,0.000404507,-0.004503757,-0.005387506,-0.00652906
2025-01-28,-0.012221988,0.00554913,-0.028625362,0.00029604,-0.009166708,0.000122679,0.000293639,-0.009092268,-0.000879017
2025-01-29,-0.00766086,-0.021400258,-0.024428301,0.001552821,-0.012048825,1.37e-05,-0.021271631,-0.009388229,-0.023119792
2025-01-30,-0.017176908,-0.011951147,0.000236962,0.002897392,-0.0037546,5.2416e-05,0.017803154,-0.009402273,-0.005558646
2025-01-31,0.021894172,0.054697366,0.034750734,-0.005301976,-0.01113049,0.000166089,-0.010578115,0.016237894,0.03432979
2025-02-03,0.004516564,0.007262981,-0.000875271,-0.002403538,-0.001326449,-8.4275e-05,-0.002816821,-0.007404743,0.010748974
2025-02-04,0.003032634,0.007678049,-0.000549883,-0.002272916,-0.00146,5.324e-05,-0.024468462,0.017986952,0.005922742
2025-02-05,0.001604386,0.007036376,0.004286005,0.003548098,0.005764421,8.7242e-05,0.002865257,0.004889627,-0.013183332
2025-02-06,0.006255998,0.013802324,-0.004452161,0.004216521,0.003295653,0.000325541,0.003645234,0.01124509,-0.008050559
2025-02-07,-0.006313917,-0.023084555,-0.016019721,0.005193133,0.003998867,0.000117705,-0.004009807,-0.008980389,-0.012955372
2025-02-10,-0.002915969,0.025926894,-0.008225841,-0.001815617,-0.00203533,9.2422e-05,0.020723344,-0.00181084,0.006107079
2025-02-11,0.019489266,0.012816482,0.032653181,-0.000417407,0.008215252,0.0002242,-0.012449458,0.002788441,0.019614403
2025-02-12,-0.017562111,-0.001673741,-0.014160923,-0.002746256,-0.011243122,0.000379402,-0.006180809,-0.001547789,-0.020071289
2025-02-13,-0.002200558,0.005435215,0.008637808,0.007700246,0.008178076,2.8088e-05,-0.003820282,0.002554562,0.004594687
2025-02-14,0.022972526,-0.006443859,0.005100157,-0.001412165,0.001822748,0.000127319,-0.000981568,0.012524483,0.009567446
2025-02-17,0.001910847,-0.006427652,0.010171071,0.000585312,-0.005624889,0.000323367,-0.011370856,-0.00463768,0.008787163
2025-02-18,-0.001220046,-0.010166825,0.010993977,0.004127463,0.002160226,0.000326788,0.007866178,-0.0042382,0.001371337
2025-02-19,0.001713159,-0.030097663,-0.005484521,-0.003773299,0.003051696,0.000242224,0.012106841,-0.016135736,-0.004371775
2025-02-20,0.007076759,0.000731312,0.020227418,-0.001406986,0.002226195,0.000132583,0.007154406,0.021776702,0.015967281
2025-02-21,-0.003672542,0.004160125,0.006594123,-0.000790227,0.002091394,3.3612e-05,-0.015497842,-0.000993372,-0.005647075
2025-02-24,-0.001223929,0.006777216,0.004592865,0.001051683,0.010472173,0.000241138,0.007598471,0.0058547,0.012957022
2025-02-25,0.015917088,-0.003534798,-0.000620336,0.001337658,-0.001711436,0.000120659,0.006894015,0.005663621,0.006211858
2025-02-26,0.010348119,0.009564604,0.005495259,0.001393025,0.005042,9.7895e-05,-0.014731696,0.015826517,-0.00981268
2025-02-27,-0.0019562,-0.036451376,-0.010491465,-0.002721155,-0.00980891,0.000178322,0.002443451,-0.007184576,-0.017601584
2025-02-28,-0.008467435,-0.001815183,-0.005219097,-0.000496513,0.003093263,0.000141497,-0.024430733,0.002885873,0.009841071
2025-03-03,0.00420813,-0.013534397,0.000607295,0.002044792,-0.003145311,0.000327959,-0.00184936,0.001290887,-0.001074519
2025-03-04,0.005939503,-0.003874785,0.014844509,0.001287919,0.006846845,0.000171743,-0.004968185,-0.002710487,-0.016624658
2025-03-05,-0.016999488,-0.000326526,-0.008829918,-0.001184667,0.001114314,8.1015e-05,-0.006183255,-0.00739104,-0.001402714
2025-03-06,0.002562659,-0.013322925,0.011305773,0.001227869,-5.7841e-05,0.000272396,0.014493318,0.002486442,-0.003475691
2025-03-07,0.005152159,0.025188733,-0.002202315,-0.006760446,0.004669163,-1.364e-06,0.01041091,-0.00877519,0.002665713
2025-03-10,0.010356345,-0.002276584,-0.010215607,-0.002700795,-0.00286146,-0.000155426,0.014639888,0.013450616,-0.001221125
2025-03-11,0.02276001,0.020877753,0.016489494,-0.00838296,-0.008647099,0.000167255,0.013655562,-0.014728685,0.017078229
2025-03-12,0.007865798,0.004281183,-0.000275931,0.009093478,0.010760449,0.000291451,-0.010463018,0.025876676,0.008587978
2025-03-13,0.007994297,0.004303491,0.013781329,-0.002323289,-0.004816221,5.4009e-05,0.010888945,0.004138771,-0.007385721
2025-03-14,0.008277581,0.003184358,-0.012513072,0.007450331,0.007202424,0.000162299,-0.009865293,-0.006007359,-0.015237864
2025-03-17,0.015991036,0.020731303,0.020795974,-0.003319462,-0.002232561,8.2817e-05,0.006169429,0.001917071,0.003292233
2025-03-18,0.001921933,0.009997194,0.00947331,0.002833573,0.004268863,9.5215e-05,0.011129066,0.012474579,-0.012296706
2025-03-19,0.008469847,0.014150005,-0.000599532,0.003212987,-0.000680825,-4.0859e-05,0.002580625,-0.003660891,-2.4306e-05
2025-03-20,0.003322384,0.020893333,0.000977398,-0.003903736,-0.005883498,0.000194479,-0.003007794,0.011339164,-0.007437328
2025-03-21,-0.000692303,0.012345113,-0.014213098,-0.003788476,-0.002800693,0.00029109,0.005125683,-0.005349963,0.005030067
2025-03-24,-0.017603855,-0.06196535,-0.027603289,-0.003253833,-0.008368943,0.000399095,-0.011088207,-0.025698582,-0.017613835
2025-03-25,-0.002066477,-0.007393226,0.012314122,0.009803738,0.008546866,9.6184e-05,0.018650594,0.003074164,0.01959738
2025-03-26,-0.007031476,-0.005321228,-0.004625473,-0.00185224,-0.00661086,0.000107192,0.011678705,-0.01925514,-0.002349487
2025-03-27,0.003393154,0.01847912,0.024907721,0.0036045,0.002219512,0.000322626,0.003889579,0.009677937,0.000271188
2025-03-28,-0.006628122,-0.015842198,-0.005901179,-0.00289046,-0.004861552,0.000169128,0.008099893,0.001272698,-0.009885104
2025-03-31,0.004396041,-0.004366921,-0.004340008,0.002446611,0.008730222,0.000252202,0.015999433,-0.009478303,-0.00146128
2025-04-01,0.0041909,-0.003147904,-0.004613616,-0.004202557,-0.001834326,0.000142387,-0.005611081,-0.00386959,0.009106779
2025-04-02,0.028129543,0.005187828,0.028308447,0.001938764,0.000492124,-5.397e-05,0.014009962,0.023427742,0.004946112
2025-04-03,-0.018398176,-0.014768895,-0.02247864,-0.002772313,-0.004179665,0.000298799,0.001635388,-0.015760837,-0.001653539
2025-04-04,0.030750741,0.029123386,0.03855005,0.00632854,0.010650942,0.000206878,-0.017798934,0.032994662,0.029003869
2025-04-07,-0.004252406,-0.021747458,-0.018091034,-0.008833995,-0.007549568,8.8986e-05,0.00253093,-0.015631041,-0.009518326
2025-04-08,-0.002175636,-0.009314527,-0.014867652,-0.000636656,0.006241777,3.535e-06,0.000634252,-0.009408581,-0.02231368
2025-04-09,0.002610424,-0.022538303,0.003757434,0.007006631,0.012628695,0.000123283,-0.003143156,-0.001778344,-0.002207302
2025-04-10,0.00206117,0.00136874,0.008701398,0.000165484,0.001916032,0.000208497,0.002701094,0.015315919,0.005622992
2025-04-11,-0.007377225,-0.026008326,-0.018147325,0.005508708,-0.004535621,0.000136584,0.008041423,0.016060716,0.014233967
2025-04-14,0.005686963,-0.000524033,0.027229774,0.000119247,-0.002622376,0.000185803,0.004510093,0.003258069,0.009873409
2025-04-15,0.011667171,0.01121643,0.007925433,-0.000621252,-0.000248821,0.000110859,0.002180463,-0.008031384,0.014831311
2025-04-16,-0.006270361,-0.013256508,-0.008364845,0.00402868,0.00570261,0.000113918,-0.009771625,0.024022103,0.01006311
2025-04-17,0.011028368,-0.003604616,-0.009310695,0.001594468,0.002955099,0.000227904,-0.005520292,-0.000283155,-0.006802303
2025-04-18,0.004430963,0.038572932,0.000589545,-0.007818087,0.003243659,0.000262925,-0.006295743,0.000990234,0.004327155
2025-04-21,-0.01363395,-0.018016243,-0.004222674,-0.003261718,-0.002341158,0.00012605,0.014230148,-0.014716154,-0.004513375
2025-04-22,0.008150187,-0.013053189,0.00987066,0.003153746,0.003175646,7.8757e-05,0.002608261,-0.004496261,-0.013278068
2025-04-23,-0.000759415,0.004796937,0.007977673,-0.001445669,0.001189114,9.2937e-05,-0.005614001,0.004419541,0.01468731
2025-04-24,0.020603288,0.011536016,0.015150174,-0.00520931,0.001695407,0.000178606,0.015318594,-0.005215867,-0.006055327
2025-04-25,-0.028319461,-0.044213406,-0.019412202,-0.004846872,-0.007465431,0.000234955,-0.003117018,-0.002808295,0.001757124
2025-04-28,-0.007073952,-0.023591926,-0.006361741,0.00113388,-0.009465768,0.000383397,-0.002706661,-0.007458213,-0.010819232
2025-04-29,0.004470184,0.010492337,0.00987053,0.001782071,0.002383158,0.000155965,0.002631118,0.015272432,0.008006485
2025-04-30,-0.009091435,-0.003806943,-0.010277078,4.71e-07,-0.001188225,0.000305696,0.001694524,0.002915648,-0.003581989
2025-05-01,0.004172486,0.012414822,0.027148832,0.000217751,0.005364679,-5.088e-06,-0.014608701,0.008442629,-0.003442222
2025-05-02,-0.014398886,0.010355985,0.010587444,-0.004283214,0.001007645,0.000135907,-0.002841221,0.017021728,-0.016432028
2025-05-05,-0.050005734,-0.041320735,-0.042591416,0.002785612,0.000144525,0.000228177,0.002685463,-0.011568448,-0.035299817
2025-05-06,0.001110837,0.005386876,-0.016949879,0.0043666,0.003357603,0.000200948,0.013468473,0.001307205,0.005805573
2025-05-07,0.03181932,0.03957979,0.020889267,-0.003094863,0.017267133,0.000290435,-0.02796264,0.033176688,0.019228575
2025-05-08,-0.006724852,0.002187892,0.001582082,0.003664332,0.000909905,0.000419714,0.012917465,0.008374448,0.001366633
2025-05-09,0.014409413,0.023639779,0.008848043,0.002162627,0.008477778,-4.357e-06,0.007690634,-0.003792998,0.006136807
2025-05-12,-0.011651556,-0.001500381,-0.013923713,-0.00194633,-0.000466904,0.00016317,0.010381741,-0.008111272,0.00252888
2025-05-13,0.032579022,0.003895636,0.011340338,0.000176488,-7.7696e-05,0.000404956,-0.004770482,-0.003833621,0.004963865
2025-05-14,-0.017465921,-0.026541473,-0.015836077,0.004022567,0.00366404,0.000137949,0.007544122,-0.000965854,-0.011192324
2025-05-15,0.010018956,0.016509353,-0.002158639,0.00316594,0.010551346,0.000103955,-0.012431948,0.010074156,-0.012864122
2025-05-16,0.00857734,0.002706524,0.003042622,0.001393255,-0.000255648,0.000328815,0.01767361,0.021894387,-0.015170216
2025-05-19,-0.001825462,0.007093414,-0.00613106,-0.006890026,0.002234863,0.000324869,-0.006877585,0.009413159,0.004407268
2025-05-20,0.026980436,0.018933127,0.004697056,0.004067786,0.009494615,-7.114e-05,-0.010316917,0.020534452,0.002885795
2025-05-21,0.012270953,0.022003243,0.006652355,0.004092475,0.001376773,1.3699e-05,-0.006859539,0.009307289,0.012257968
2025-05-22,-0.004312563,-0.004212138,-0.009802211,-0.001096971,-0.000285903,0.000145501,-0.007923896,0.018009777,0.005075015
2025-05-23,-0.008846542,0.003402915,0.006057309,-0.002684932,-0.001791546,4.4867e-05,0.004249409,-0.008737071,-0.002452515
2025-05-26,0.0004576,0.011560226,-0.004006155,-0.0001978,-0.003959452,0.000160562,-0.007021957,-0.009053395,-0.000321993
2025-05-27,-0.004173681,-0.000282458,-0.007939209,-0.000584014,-0.001679517,0.000211302,0.001435995,-0.012575263,-0.003026023
2025-05-28,0.002331715,-0.001142058,0.002332823,-0.002237767,0.002522565,0.000236857,-0.01259577,0.006886367,0.004020505
2025-05-29,0.016310422,0.024740605,0.020477794,-0.0015694,0.000520062,0.000240021,0.015344624,0.021224698,0.001559241
2025-05-30,0.01464588,0.03323637,0.020893779,-0.001141573,0.003620538,0.000111957,-0.002814598,0.025852931,0.032765826
2025-06-02,0.003627029,-0.000857071,0.009327653,-6.538e-05,-0.011433696,9.1302e-05,-0.000335492,0.001399621,-0.005180114
2025-06-03,-0.01817692,0.002212395,-0.027724867,-0.001039015,-0.00066828,6.9827e-05,0.009879165,-0.019100926,-0.020397892
2025-06-04,0.011471604,0.006845362,-0.008331796,0.002218456,0.000752884,0.000129658,-0.00601023,0.004918108,0.008687518
2025-06-05,0.005672146,0.008641705,0.005133516,-0.006539109,-0.007388785,5.7161e-05,0.011731448,-0.011004494,0.011486238
2025-06-06,0.008526387,0.003173202,0.023353565,-0.0028486,0.003302476,0.000159069,0.007807651,0.009852018,0.026475986
2025-06-09,-0.020112475,-0.004495925,0.013756877,-0.008113722,-0.004395232,-3.0539e-05,0.015843713,-0.005883534,0.009077773
2025-06-10,0.000167962,-0.002466638,-0.005397308,0.003252513,0.002973289,0.000131912,-0.017451731,0.014776969,0.009483723
2025-06-11,-0.004744257,-0.017515401,-0.024683073,0.005619038,0.005581987,5.7385e-05,0.010167162,0.0076845,-0.001652121
2025-06-12,-0.016446645,-0.006514684,-0.005441179,0.003127902,0.00562106,0.000203704,0.007862861,0.015154277,0.002315623
2025-06-13,0.002430496,-0.013232446,-0.012516481,-0.000588367,-0.004209894,-9.55e-07,-0.009292981,0.00133343,-0.018349317
2025-06-16,-0.013553449,-0.012781108,-0.017559925,0.001063425,-0.001798646,0.000127497,-0.012217012,-0.002301338,-0.021716855
2025-06-17,-0.000717669,0.027904425,0.009667803,0.000373523,0.002487816,-5.5765e-05,0.000317911,0.006975332,0.003497192
2025-06-18,0.002513165,-0.009588108,-0.002387142,-0.003604398,0.002962405,0.000184349,0.001647326,-0.028562912,-0.00062284
2025-06-19,0.005250696,-0.004796989,-0.00214315,-0.004219125,-0.005706477,0.00023878,0.012134904,-0.011078995,-0.008352112
2025-06-20,0.002401493,0.009554432,0.002458329,-0.000209294,0.004780788,0.000191999,0.021290359,1.5543e-05,-0.002516589
2025-06-23,-0.024029682,-0.002130543,-0.00670895,-0.005659808,-0.001981714,0.000314332,0.000371794,0.006113417,-0.004956549
2025-06-24,0.013614502,0.013696073,0.008360741,-0.010204603,-0.010051171,0.00022429,-0.00581133,0.011712898,0.004849889
2025-06-25,0.018968578,0.025276839,0.028834907,-0.004152348,0.000973323,0.00021894,-0.002236383,0.016428964,0.007504708
2025-06-26,-5.474e-05,0.001829513,-0.001423658,0.005541806,0.006398322,4.5989e-05,0.006162455,-0.003957908,-0.001697992
2025-06-27,-0.010725973,-0.01912927,0.005695708,-0.002858934,0.001778174,-0.000116878,0.018598294,0.005897423,0.008544465
2025-06-30,-0.012940359,-0.028068563,-0.009463623,0.004015742,-0.000864759,0.000119711,-0.007269496,-0.000164575,-0.011476536
2025-07-01,0.008492153,0.00306021,-0.022328281,-0.001031921,0.004808615,0.000252776,0.009923229,0.005969686,-0.00290344
2025-07-02,-0.005394695,0.00664651,0.004607341,-0.002109362,-0.004509285,0.000342142,-0.002143279,0.005100054,0.013480257
2025-07-03,0.000809582,0.011881284,-0.014785194,0.004872456,0.002955495,0.000237665,0.012608505,-0.004235886,0.00258688
2025-07-04,0.001886826,-0.015461029,0.009445928,-0.00329398,-0.016080556,0.000137099,-0.007246737,0.001580146,-0.012110667
2025-07-07,-0.00881207,-0.013794832,-0.002934541,0.003484862,0.005075243,0.00037607,-0.0081081,-0.003911582,-0.005018277
2025-07-08,-0.016873919,0.007965697,-0.00994972,0.001881154,0.002610194,0.00032076,-0.002432145,-0.017158404,0.006645352
2025-07-09,0.002797393,0.012355182,-0.001472457,-0.002113685,0.000890955,0.000170089,0.023895829,-0.004641448,-0.012638994
2025-07-10,0.019600743,0.022920702,0.029137668,-0.006054443,-0.000801908,-0.000105853,-0.003085337,-0.005493488,0.012735653
2025-07-11,-0.024799827,-0.025234407,-0.020646763,0.00032563,-0.009563408,0.000194251,0.015687631,-0.017301187,-0.024046128
2025-07-14,0.014091232,0.011609334,0.006329612,0.003969378,-0.000383932,0.000127852,0.020096518,2.7188e-05,0.006547645
2025-07-15,0.00358454,0.015913304,-0.012029821,0.001937299,0.000914936,0.000172688,-0.01096917,-6.0763e-05,-0.014832253
2025-07-16,0.006282248,0.003228688,0.005802463,-0.000425162,0.004914687,9.5703e-05,0.005535863,-0.014321375,0.013326743
2025-07-17,0.004715924,0.006899417,0.019477492,-0.003219759,-0.001037528,0.000305952,-0.015731536,0.001804542,-0.007971433
2025-07-18,-0.010214237,0.004708037,0.016418681,-0.00205005,0.000710066,-0.000101924,-0.013438842,-0.000665876,0.008590718
2025-07-21,0.0082225,0.029319698,0.023858302,0.004805153,0.000928949,0.000192866,-0.020021873,0.012702122,0.003641964
2025-07-22,-0.007911804,0.011704653,0.017454291,-0.003582991,-0.008146358,3.11e-05,0.006115226,-0.008127587,-0.012623788
2025-07-23,-0.001132519,6.5925e-05,0.007555291,-0.000824385,-0.002324098,5.1351e-05,-0.008944986,0.004152486,-0.002078335
2025-07-24,-0.008741596,-0.009446427,-0.023256045,-0.00118623,0.001222453,0.000248522,0.010428462,-0.003004603,-0.016569005
2025-07-25,0.016511573,0.026824862,0.036541637,5.6013e-05,-7.1327e-05,0.000114613,-0.015210269,0.02324751,0.036852691
2025-07-28,-0.002730863,-0.011334107,-0.001891152,0.000343205,0.003570647,9.8991e-05,0.006112084,-0.003012988,-0.013191223
2025-07-29,-0.002787354,-0.004329799,-0.00729206,-0.003509989,-0.004839688,0.000105966,-0.026401521,0.003705126,0.000135453
2025-07-30,-0.000477424,-0.004114567,-0.00212425,0.006360349,0.004706649,0.000225775,-0.002870169,0.00354979,0.000538249
2025-07-31,0.001222166,0.00340928,-0.003375247,-0.00473825,-0.00515839,0.000186888,0.014724912,-0.01008895,-0.007641223
2025-08-01,-0.006619572,-0.010484123,-0.015707345,0.00506097,0.006014002,5.213e-05,-0.001120927,-0.002178546,-0.014159711
2025-08-04,0.001922897,-0.018065578,-0.012004147,0.002341602,-0.001291873,0.000274543,0.005213927,0.005895634,-0.00715136
2025-08-05,-0.003462468,-0.002803539,-0.001819869,0.001858385,-0.000615847,0.000115076,0.010516799,0.004103537,0.00624446
2025-08-06,0.028131298,0.032355222,0.008628888,-0.000152926,0.008558647,0.000197737,8.324e-06,0.013261187,0.009583088
2025-08-07,0.009663192,0.002830902,0.011167302,-0.001314737,-0.002950088,0.0002872,4.6624e-05,-0.004523424,0.002813745
2025-08-08,0.000407816,0.008892404,0.013696112,-0.005032759,-0.000457692,7.6e-06,0.002474047,-0.004009968,0.001187211
2025-08-11,0.007215163,0.00498571,-0.005432147,-0.004225807,0.006483652,7.3419e-05,-0.016559348,0.011206931,0.006207761
2025-08-12,-0.009865345,-0.013035585,-0.00931262,-0.001508802,-0.005908553,-0.000237083,0.011325043,-0.001599687,-0.012943306
2025-08-13,0.007967263,0.030122696,0.041203925,0.002356255,0.000769985,0.000214911,-0.008372214,0.028375416,0.015069427
2025-08-14,0.005905616,0.014578673,0.01982575,0.003989309,-0.000314891,0.000206881,0.005130123,-0.006311028,-0.003258349
2025-08-15,0.014392001,0.015758646,0.002478885,-0.005827608,0.006149123,0.000370839,0.016393124,0.008066874,0.010896613
2025-08-18,-0.009540587,-0.006939707,0.005716658,0.003096037,-0.00141052,0.000271897,-0.003552567,0.005598472,-0.012071804
2025-08-19,-0.00130071,-0.007601688,-0.004924865,-0.002171649,5.8376e-05,0.000143185,-0.003953087,-0.005954082,-0.000660119
2025-08-20,-0.005043881,-0.008980528,-0.011945386,-0.006533912,-0.001549012,0.000118283,0.004370474,0.000895023,-0.003322208
2025-08-21,-1.025e-06,0.003122222,0.018435921,-0.006820535,-0.009618515,-4.2141e-05,-0.008830525,0.010385137,0.012029351
2025-08-22,0.000704781,-0.007617666,-0.013940328,0.002942492,0.008387402,0.000259567,0.00191295,0.000427456,0.007448342
2025-08-25,-0.015480309,-0.023494799,-0.022145568,-0.002912921,0.001118701,0.000189555,0.013990325,-0.011881919,-0.01299411
2025-08-26,-0.0117049,-0.012976256,0.008223152,0.004918973,0.00488337,0.000157227,-0.023443729,-0.002532063,-0.010192204
2025-08-27,0.001849649,-0.017688551,0.004280394,0.001227711,-0.002052074,0.000275253,-0.006347944,-0.005570794,0.00084133
2025-08-28,-0.006339523,0.018796334,-0.004493675,0.001046085,-0.001445918,0.000261316,-0.007465955,0.001664974,0.016326308
2025-08-29,0.008354972,-0.012461233,0.001750318,-0.002997368,-0.00587747,0.000143744,-0.014007412,0.000277192,-0.0056079
2025-09-01,0.013020675,-0.009643998,0.016922368,-0.0026931,-0.009673365,0.000197871,-0.032799078,-0.020063596,-0.012268968
2025-09-02,0.008187804,0.011397564,0.018022101,-0.006849312,0.001800057,0.000210771,0.007271462,0.010482145,0.009819924
2025-09-03,-0.002248633,-0.011349768,-0.003903645,0.004029307,0.007716715,9.7738e-05,0.00775507,-0.006279532,-0.008476971
2025-09-04,0.005606173,0.002343647,0.016669008,0.003597394,0.008542304,-0.000130008,-0.010238184,-0.002645404,-0.011391415
2025-09-05,0.013087343,0.00505487,0.000828408,-0.005446527,-0.008870224,0.000135792,0.003420209,0.011074898,0.031999869
2025-09-08,0.009059985,0.013947434,0.006305227,-0.002590386,-0.005471505,-9.951e-06,0.005360864,0.009032733,0.00299177
2025-09-09,-0.013364376,0.001676948,-0.007183087,0.000710957,-0.001146842,0.000181858,0.008501654,-0.002162494,-0.000963707
2025-09-10,0.003890255,-0.000742013,0.009413025,0.004524173,-0.000700572,-8.3897e-05,-0.017137234,0.007396865,-0.001024057
2025-09-11,-0.012479165,-0.009585545,-0.031489608,-0.001134504,-0.000673622,-4.4343e-05,-0.007716293,0.004332462,-0.004043018
2025-09-12,-0.01186964,-0.00529567,-0.022027423,-0.002858971,-0.001302521,0.000370715,0.004007601,-0.001027078,0.004224012
2025-09-15,0.001050881,0.014224897,0.011770354,-0.007540172,-0.005528774,0.000108697,0.000578359,-0.013209328,0.000811695
2025-09-16,0.015053276,0.01345254,0.013504219,0.001091958,0.005069858,0.000284986,-0.004972982,0.008590009,0.004370252
2025-09-17,-0.010884006,0.014909833,-0.003218338,-0.002424231,-0.003886633,6.3772e-05,-0.025616359,0.014240302,-0.009714638
2025-09-18,-0.017653763,-0.009905211,-0.029027537,0.001380012,-0.003060039,9.687e-05,0.014592071,-0.023409749,0.000741239
2025-09-19,-0.014649854,-0.033179755,-0.024399663,-0.003005677,-0.000124331,0.000272112,-0.004664923,-0.008905506,-0.002266046
2025-09-22,0.009786694,0.002323004,0.006090376,-0.001398008,-0.00011895,4.9247e-05,-0.000498124,0.007473945,0.004040591
2025-09-23,0.014378273,0.008907109,0.025306079,0.002703885,-0.001285305,0.000188998,0.004375131,0.020908269,0.020918174
2025-09-24,-0.009449502,-0.009692227,0.007154745,0.003144746,-0.002039941,0.000233685,0.015110751,0.021288125,-0.026377336
2025-09-25,-0.012823794,-0.024204564,-0.004473842,-0.00421528,0.000345134,0.000208394,0.011058125,-0.004536472,-0.002590069
2025-09-26,-0.000433594,0.010737943,0.030379054,0.004115919,0.008871049,0.000235795,-0.019850809,0.025539469,0.016013866
2025-09-29,0.015327064,-0.011882501,0.012252679,0.001117041,0.013393986,0.000152454,0.004877845,0.01373742,0.009372851
2025-09-30,-0.005941432,0.006931827,0.013358039,0.002544977,0.007666044,-7.6432e-05,0.004887796,0.01025209,0.003710614
2025-10-01,0.00127186,0.010529229,0.01472462,-0.003047736,0.003227263,0.000383285,-0.007986083,0.002927282,0.002491768
2025-10-02,0.014113954,0.0134487,0.003023728,0.005337813,-0.002710563,0.000326766,-0.008695146,0.003045445,-5.8219e-05
2025-10-03,-0.024153227,-0.003274729,-4.8569e-05,0.000242881,-0.008030852,-1.3926e-05,-0.006792513,0.007533304,-0.012880054
2025-10-06,0.026032453,0.025013857,0.025401428,-0.000302123,-0.005705057,0.000100913,-0.000476257,-0.004780157,0.017924645
2025-10-07,0.011109973,0.033899336,0.031056426,3.488e-06,-0.001081674,0.000164803,-0.007229087,0.013429742,0.002807836
2025-10-08,0.008577866,0.007406021,-0.003100467,-0.000343294,-0.003096874,0.000126931,-0.005900967,-0.000346847,0.000992557
2025-10-09,0.01542628,0.000838656,0.011968915,-0.00571241,-0.007497845,0.00012026,0.003103863,-0.000947754,0.004654759
2025-10-10,-0.005653113,-0.011158135,-0.006682528,0.008079227,0.006832268,3.5817e-05,0.003644395,-0.011812311,0.006247773
2025-10-13,0.013667748,0.016473742,0.027351877,-0.000581332,0.005627625,4.529e-05,-0.005550387,0.009315919,0.026659949
2025-10-14,-0.026206122,-0.020419549,-0.016725659,-0.003958991,-0.011186635,0.000110534,-0.021634836,-0.004618125,-0.022625125
2025-10-15,-0.024455795,-0.009196918,-0.016177118,0.001220633,-0.006444638,0.000200643,0.011753745,-0.02249784,-0.012523645
2025-10-16,-0.001065569,-0.002904785,-0.002734382,0.004455471,-0.004277568,0.000263762,0.000417569,0.004436924,-0.001219454
2025-10-17,0.006965789,0.010801631,0.008535851,-0.003992136,0.004149429,0.000330234,0.001741187,0.016083212,0.021083443
2025-10-20,-0.001722519,-0.018369422,-0.019129533,-5.5926e-05,-0.003184267,0.000328394,0.003729648,-0.015326855,0.001327604
2025-10-21,0.005912133,0.00793998,-0.013790732,0.005076968,0.004544504,5.5008e-05,-0.004519769,0.010198231,0.003476186
2025-10-22,0.014848434,0.02864066,0.007347005,0.001103675,0.010957862,0.000127924,-0.009536584,0.01282521,0.022402296
2025-10-23,0.011231556,0.021733398,0.031573963,-0.001813285,0.004439397,0.000278202,-0.007280913,0.014615771,0.025281731
2025-10-24,0.014738789,0.02967301,0.006737282,-0.006949168,-0.00511067,0.000181009,-0.006382352,-0.003518807,0.019843983
2025-10-27,0.019872537,0.00634943,0.009836753,-0.001939861,-0.003399594,8.388e-06,-0.005633715,-0.002310256,0.007560795
2025-10-28,0.006227535,0.011449742,0.013474987,-0.000918092,-0.002092478,0.000146076,-0.012765722,0.011890954,-0.009477607
2025-10-29,-0.01223137,-0.009523022,-0.007525679,0.003681856,-0.00229587,0.000181163,0.018655824,-0.00102483,-0.007259847
2025-10-30,-0.008644463,0.004817765,0.000140088,-0.004927299,-0.00014508,0.000261703,0.001314884,-0.017057392,-0.002403186
2025-10-31,-0.009903441,-0.012678159,0.003616753,-0.003028955,-0.00365181,0.000186911,0.004331627,-0.003374864,0.005988161
2025-11-03,0.002282704,-0.000587188,-0.003952892,0.002417577,0.005114428,0.000169665,0.009572904,0.011461072,0.007195976
2025-11-04,0.001563456,0.016308021,0.01295575,0.003989282,0.004290884,0.000149307,-0.003667273,0.012677438,-0.008788591
2025-11-05,0.004183008,-0.010683393,-0.001111176,0.00165238,0.002200906,0.000247993,0.01395995,-0.013167498,0.003598304
2025-11-06,-0.016018635,-0.008451962,-0.002795863,-0.000447849,-0.00267392,0.000183149,-0.014853463,-0.000301662,-0.007864552
2025-11-07,-0.002504937,-0.009049984,-0.006369163,-0.004411137,-0.001616083,-0.000122155,-0.007100166,-0.016301353,-0.013832553
2025-11-10,-0.006523261,-0.009130555,-0.016259557,-0.002030016,-0.003438364,0.000264128,0.004676656,-0.014567728,0.001840009
2025-11-11,0.004821864,-0.01386186,-0.007694733,-0.001665281,-0.003979305,0.000229084,0.011605232,-0.006045412,0.001635325
2025-11-12,-0.016153583,-0.021564815,-0.000685177,0.000526624,-0.001160084,0.000117176,0.019094321,-0.013362084,-0.015073503
2025-11-13,-0.019346478,-0.016161981,0.006820712,-0.004165369,-0.00528396,0.000197739,0.006158351,-0.002802357,-0.013936986
2025-11-14,-0.001187459,-0.022480781,0.010070238,0.003362313,0.001762949,-6.0103e-05,0.019068692,-0.002484592,0.008592348
2025-11-17,0.004743479,0.017587307,-0.008126598,-0.008653931,-0.003998915,0.000159074,0.010299343,0.003368457,-0.002457817
2025-11-18,0.013894248,0.010632465,0.024976006,0.000650392,-0.004941885,0.000146789,0.00548608,0.006222359,0.017545729
2025-11-19,0.008884576,0.03129141,0.025449833,-0.011350981,-0.006874245,0.000120285,-0.011434565,-0.00184774,0.012511364
2025-11-20,-0.016949316,0.000814454,-0.008410962,-0.006669168,0.003163422,0.000309873,0.010113161,-0.001935055,-0.003468777
2025-11-21,-0.003664617,-0.008673973,0.003865151,-0.00324813,-0.00103809,0.000183104,0.00036311,0.001689087,0.011424839
2025-11-24,-0.022272049,-0.001239522,-0.002518394,0.005263522,-0.000871266,0.000238914,0.028742157,-0.00394303,-0.005272943
